"RecordType","VMName","ResourceGroup","SubscriptionId","Location","VMSize","OS","AvgCPU14d","NetworkPerDay","Classification","Recommendation","Summary.Count","Summary.HasData","Summary.ScannedVMs","Summary.TotalVMs","Summary.DeallocatedVMs","Summary.EvaluatedVMs","Summary.MetricFailures","Summary.Note"
"IdleVMs","vm-web-eastus-07","rg-prod-eastus-web","aaaaaaaa-0001-4a1a-8a1a-000000000001","eastus","Standard_D4s_v5","Windows","2.1","0.4 MB","Idle","Deallocate or delete","11","True","42","48","6","42","0","Synthetic demo data."
"IdleVMs","vm-batch-eastus-02","rg-prod-eastus-core","aaaaaaaa-0001-4a1a-8a1a-000000000001","eastus","Standard_E8s_v5","Linux","4.8","1.1 MB","Idle","Deallocate or delete","11","True","42","48","6","42","0","Synthetic demo data."
"IdleVMs","vm-legacy-eastus-11","rg-prod-eastus-core","aaaaaaaa-0001-4a1a-8a1a-000000000001","eastus","Standard_D2s_v3","Windows","7.6","3.2 MB","Underutilized","Downsize VM","11","True","42","48","6","42","0","Synthetic demo data."
"IdleVMs","vm-app-weu-05","rg-prod-weu-app","aaaaaaaa-0002-4a1a-8a1a-000000000002","westeurope","Standard_D4s_v5","Linux","3.4","0.8 MB","Idle","Deallocate or delete","11","True","42","48","6","42","0","Synthetic demo data."
"IdleVMs","vm-test-weu-09","rg-prod-weu-app","aaaaaaaa-0002-4a1a-8a1a-000000000002","westeurope","Standard_B4ms","Windows","8.9","4.1 MB","Underutilized","Downsize VM","11","True","42","48","6","42","0","Synthetic demo data."
"IdleVMs","vm-batch-analytics-06","rg-analytics-compute","aaaaaaaa-0003-4a1a-8a1a-000000000003","eastus2","Standard_E16s_v5","Linux","1.8","0.2 MB","Idle","Deallocate or delete","11","True","42","48","6","42","0","Synthetic demo data."
"IdleVMs","vm-jump-analytics-02","rg-analytics-compute","aaaaaaaa-0003-4a1a-8a1a-000000000003","eastus2","Standard_D2s_v3","Windows","6.2","2.6 MB","Underutilized","Downsize VM","11","True","42","48","6","42","0","Synthetic demo data."
"IdleVMs","vm-mgmt-shared-03","rg-shared-network","aaaaaaaa-0004-4a1a-8a1a-000000000004","eastus","Standard_D2s_v3","Windows","3.9","1.4 MB","Idle","Deallocate or delete","11","True","42","48","6","42","0","Synthetic demo data."
"IdleVMs","vm-dev-test-04","rg-dev-test","aaaaaaaa-0005-4a1a-8a1a-000000000005","eastus","Standard_D4s_v5","Linux","5.5","2.0 MB","Underutilized","Downsize VM","11","True","42","48","6","42","0","Synthetic demo data."
"IdleVMs","vm-dev-test-06","rg-dev-test","aaaaaaaa-0005-4a1a-8a1a-000000000005","eastus","Standard_B2ms","Windows","1.2","0.1 MB","Idle","Deallocate or delete","11","True","42","48","6","42","0","Synthetic demo data."
"IdleVMs","vm-sandbox-03","rg-sandbox","aaaaaaaa-0006-4a1a-8a1a-000000000006","eastus","Standard_B2s","Linux","0.6","0.0 MB","Idle","Deallocate or delete","11","True","42","48","6","42","0","Synthetic demo data."
