"RecordType","TagName","ActualTagName","Status","Priority","Pillar","Purpose","Location","Example","Reference","Summary.CompliancePercent"
"Analysis","CostCenter","CostCenter","Present","Required","Understand","Financial allocation - maps resources to internal cost centers for chargeback/showback","Contoso-Production-EastUS / rg-prod-eus2-erp; Contoso-Production-WestEurope / rg-prod-weu-orders; Contoso-Shared-Services / rg-shared-services-core","CostCenter: CC-12345","https://learn.microsoft.com/en-us/azure/cloud-adoption-framework/ready/azure-best-practices/resource-tagging#minimum-suggested-tags","78"
"Analysis","BusinessUnit","BusinessUnit","Present","Required","Understand","Org-level chargeback - enables showback/chargeback at department level","Contoso-Production-EastUS / rg-prod-eus2-payments; Contoso-Analytics-Prod / rg-analytics-prod-platform","BusinessUnit: Finance | Engineering | Marketing","https://learn.microsoft.com/en-us/azure/cloud-adoption-framework/ready/azure-best-practices/resource-tagging#minimum-suggested-tags","78"
"Analysis","ApplicationName","ApplicationName","Present","Required","Understand","Product/service cost mapping - groups resources by the application they support","Contoso-Production-EastUS / rg-prod-eus2-web; Contoso-Production-WestEurope / rg-prod-weu-orders","ApplicationName: ERP | FinOpsPortal | DataLake","https://learn.microsoft.com/en-us/azure/cloud-adoption-framework/ready/azure-best-practices/resource-tagging#minimum-suggested-tags","78"
"Analysis","WorkloadName","WorkloadName","Present","Required","Understand","Workload attribution - identifies the workload a resource belongs to","Contoso-Analytics-Prod / rg-analytics-prod-compute; Contoso-Dev-Test / rg-devtest-build","WorkloadName: PaymentProcessing | DataPipeline","https://learn.microsoft.com/en-us/azure/cloud-adoption-framework/ready/azure-best-practices/resource-tagging#minimum-suggested-tags","78"
"Analysis","OpsTeam","OpsTeam","Present (coverage gap: 57%)","Required","Understand","Accountability for spend - identifies the operations team expected to tune and retire resources","Contoso-Production-EastUS / rg-prod-eus2-shared; Contoso-Shared-Services / rg-shared-services-network; Contoso-Analytics-Prod / rg-analytics-prod-platform","OpsTeam: Platform-Infra | App-TeamA | SRE","https://learn.microsoft.com/en-us/azure/cloud-adoption-framework/ready/azure-best-practices/resource-tagging#minimum-suggested-tags","78"
"Analysis","Criticality","Criticality","Present","Required","Optimize","Prioritization of spend - business impact level drives optimization boundaries","Contoso-Production-EastUS / rg-prod-eus2-sap; Contoso-Production-WestEurope / rg-prod-weu-orders","Criticality: Mission-Critical | Business-Critical | Low","https://learn.microsoft.com/en-us/azure/cloud-adoption-framework/ready/azure-best-practices/resource-tagging#minimum-suggested-tags","78"
"Analysis","DataClassification","DataClassification","Present (coverage gap: 48%)","Required","Understand","Compliance-driven allocation - data sensitivity determines governance requirements","Contoso-Production-WestEurope / rg-prod-weu-orders; Contoso-Analytics-Prod / rg-analytics-prod-sql; Contoso-Shared-Services / rg-shared-services-backup","DataClassification: Confidential | Public | Internal","https://learn.microsoft.com/en-us/azure/cloud-adoption-framework/ready/azure-best-practices/resource-tagging#minimum-suggested-tags","78"
"Analysis","Owner","","Missing","Recommended","Optimize","Useful for reclaiming abandoned assets by naming the accountable engineering or business owner","","Owner: alex@contoso.com","https://learn.microsoft.com/en-us/azure/cloud-adoption-framework/ready/azure-best-practices/resource-tagging","78"
"Analysis","ExpirationDate","","Missing","Recommended","Optimize","Supports cleanup automation for temporary labs, sandboxes, and proof-of-concept environments","","ExpirationDate: 2026-12-31","https://learn.microsoft.com/en-us/azure/cloud-adoption-framework/ready/azure-best-practices/resource-tagging","78"
"Summary.Present","CostCenter","CostCenter","Present","Required","Understand","Financial allocation - maps resources to internal cost centers for chargeback/showback","Contoso-Production-EastUS / rg-prod-eus2-erp; Contoso-Production-WestEurope / rg-prod-weu-orders; Contoso-Shared-Services / rg-shared-services-core","CostCenter: CC-12345","https://learn.microsoft.com/en-us/azure/cloud-adoption-framework/ready/azure-best-practices/resource-tagging#minimum-suggested-tags","78"
"Summary.Present","BusinessUnit","BusinessUnit","Present","Required","Understand","Org-level chargeback - enables showback/chargeback at department level","Contoso-Production-EastUS / rg-prod-eus2-payments; Contoso-Analytics-Prod / rg-analytics-prod-platform","BusinessUnit: Finance | Engineering | Marketing","https://learn.microsoft.com/en-us/azure/cloud-adoption-framework/ready/azure-best-practices/resource-tagging#minimum-suggested-tags","78"
"Summary.Present","ApplicationName","ApplicationName","Present","Required","Understand","Product/service cost mapping - groups resources by the application they support","Contoso-Production-EastUS / rg-prod-eus2-web; Contoso-Production-WestEurope / rg-prod-weu-orders","ApplicationName: ERP | FinOpsPortal | DataLake","https://learn.microsoft.com/en-us/azure/cloud-adoption-framework/ready/azure-best-practices/resource-tagging#minimum-suggested-tags","78"
"Summary.Present","WorkloadName","WorkloadName","Present","Required","Understand","Workload attribution - identifies the workload a resource belongs to","Contoso-Analytics-Prod / rg-analytics-prod-compute; Contoso-Dev-Test / rg-devtest-build","WorkloadName: PaymentProcessing | DataPipeline","https://learn.microsoft.com/en-us/azure/cloud-adoption-framework/ready/azure-best-practices/resource-tagging#minimum-suggested-tags","78"
"Summary.Present","OpsTeam","OpsTeam","Present (coverage gap: 57%)","Required","Understand","Accountability for spend - identifies the operations team expected to tune and retire resources","Contoso-Production-EastUS / rg-prod-eus2-shared; Contoso-Shared-Services / rg-shared-services-network; Contoso-Analytics-Prod / rg-analytics-prod-platform","OpsTeam: Platform-Infra | App-TeamA | SRE","https://learn.microsoft.com/en-us/azure/cloud-adoption-framework/ready/azure-best-practices/resource-tagging#minimum-suggested-tags","78"
"Summary.Present","Criticality","Criticality","Present","Required","Optimize","Prioritization of spend - business impact level drives optimization boundaries","Contoso-Production-EastUS / rg-prod-eus2-sap; Contoso-Production-WestEurope / rg-prod-weu-orders","Criticality: Mission-Critical | Business-Critical | Low","https://learn.microsoft.com/en-us/azure/cloud-adoption-framework/ready/azure-best-practices/resource-tagging#minimum-suggested-tags","78"
"Summary.Present","DataClassification","DataClassification","Present (coverage gap: 48%)","Required","Understand","Compliance-driven allocation - data sensitivity determines governance requirements","Contoso-Production-WestEurope / rg-prod-weu-orders; Contoso-Analytics-Prod / rg-analytics-prod-sql; Contoso-Shared-Services / rg-shared-services-backup","DataClassification: Confidential | Public | Internal","https://learn.microsoft.com/en-us/azure/cloud-adoption-framework/ready/azure-best-practices/resource-tagging#minimum-suggested-tags","78"
