"RecordType","DisplayName","Status","Category","Pillar","Priority","DefaultEffect","AllowedEffects","Purpose","PolicyDefId","Reference","Parameters","MatchedAssignments","Note","Summary.CoverageIncomplete","Summary.CompliancePct"
"Analysis","Require a tag on resources","Assigned","Tags","Understand","Required","Deny","[""Audit"",""Deny"",""Disabled""]","Enforce cost allocation tagging on every resource creation path.","/providers/Microsoft.Authorization/policyDefinitions/726aca4c-86e9-4b04-b0c5-073027359532","https://learn.microsoft.com/en-us/azure/governance/policy/samples/built-in-policies#tags","[{""Label"":""Tag name (for example CostCenter)"",""Required"":true,""Name"":""tagName""}]","{""AssignmentName"":""Require CostCenter on resources"",""AssignmentId"":""/subscriptions/aaaaaaaa-0001-4a1a-8a1a-000000000001/providers/Microsoft.Authorization/policyAssignments/require-costcenter-eastus"",""PolicyDefId"":""/providers/Microsoft.Authorization/policyDefinitions/726aca4c-86e9-4b04-b0c5-073027359532"",""Scope"":""/subscriptions/aaaaaaaa-0001-4a1a-8a1a-000000000001"",""Effect"":""Deny"",""EnforcementMode"":""Default"",""Origin"":""BuiltIn"",""Subscription"":""Contoso-Production-EastUS"",""Description"":""Blocks new resources in production unless CostCenter is populated."",""ScopeDisplayName"":""Contoso-Production-EastUS""}","Assignment presence is confirmed in the demo dataset; review parameters and exclusions before treating it as enforced.","False","70"
"Analysis","Require a tag on resource groups","Missing","Tags","Understand","Required","Deny","[""Audit"",""Deny"",""Disabled""]","Prevents untagged landing zones and keeps inherited chargeback metadata anchored at the RG layer.","/providers/Microsoft.Authorization/policyDefinitions/96670d01-0a4d-4649-9c89-2d3abc0a5025","https://learn.microsoft.com/en-us/azure/governance/policy/samples/built-in-policies#tags","[{""Label"":""Tag name (for example CostCenter)"",""Required"":true,""Name"":""tagName""}]","","No matching built-in definition was found in the current synthetic assignment inventory.","False","70"
"Analysis","Inherit a tag from the resource group if missing","Missing","Tags","Understand","Recommended","Modify","[""Modify"",""Disabled""]","Autostamps missing allocation metadata onto child resources and helps raise tag coverage above the current 64%.","/providers/Microsoft.Authorization/policyDefinitions/ea3f2387-9b95-492a-a190-fcdc54f7b070","https://learn.microsoft.com/en-us/azure/governance/policy/samples/built-in-policies#tags","[{""Label"":""Tag name to inherit"",""Required"":true,""Name"":""tagName""}]","","No matching built-in definition was found in the current synthetic assignment inventory.","False","70"
"Analysis","Inherit a tag from the subscription if missing","Assigned","Tags","Understand","Recommended","Modify","[""Modify"",""Disabled""]","Propagates top-level ownership or BusinessUnit metadata when resource groups miss the tag.","/providers/Microsoft.Authorization/policyDefinitions/40df99da-1232-49b1-a39a-6da8d878f469","https://learn.microsoft.com/en-us/azure/governance/policy/samples/built-in-policies#tags","[{""Label"":""Tag name to inherit"",""Required"":true,""Name"":""tagName""}]","{""AssignmentName"":""Inherit a tag from the subscription if missing"",""AssignmentId"":""/subscriptions/aaaaaaaa-0006-4a1a-8a1a-000000000006/providers/Microsoft.Authorization/policyAssignments/inherit-businessunit-sandbox"",""PolicyDefId"":""/providers/Microsoft.Authorization/policyDefinitions/40df99da-1232-49b1-a39a-6da8d878f469"",""Scope"":""/subscriptions/aaaaaaaa-0006-4a1a-8a1a-000000000006"",""Effect"":""Modify"",""EnforcementMode"":""Default"",""Origin"":""BuiltIn"",""Subscription"":""Contoso-Sandbox"",""Description"":""Stamps sandbox resources with the parent BusinessUnit tag for lightweight showback."",""ScopeDisplayName"":""Contoso-Sandbox""}","Assignment presence is confirmed in the demo dataset; review parameters and exclusions before treating it as enforced.","False","70"
"Analysis","Allowed locations","Assigned","General","Optimize","Required","Deny","[""Audit"",""Deny"",""Disabled""]","Reduces accidental spend in unapproved regions and keeps production aligned to approved geographies.","/providers/Microsoft.Authorization/policyDefinitions/e56962a6-4747-49cd-b67b-bf8b01975c4c","https://learn.microsoft.com/en-us/azure/governance/policy/samples/built-in-policies#general","[{""IsArray"":true,""Label"":""Allowed locations"",""Required"":true,""Name"":""listOfAllowedLocations""}]","{""AssignmentName"":""Allowed locations"",""AssignmentId"":""/subscriptions/aaaaaaaa-0002-4a1a-8a1a-000000000002/providers/Microsoft.Authorization/policyAssignments/allowed-locations-weu"",""PolicyDefId"":""/providers/Microsoft.Authorization/policyDefinitions/e56962a6-4747-49cd-b67b-bf8b01975c4c"",""Scope"":""/subscriptions/aaaaaaaa-0002-4a1a-8a1a-000000000002"",""Effect"":""Deny"",""EnforcementMode"":""Default"",""Origin"":""BuiltIn"",""Subscription"":""Contoso-Production-WestEurope"",""Description"":""Restricts deployment to approved European production regions."",""ScopeDisplayName"":""Contoso-Production-WestEurope""}","Assignment presence is confirmed in the demo dataset; review parameters and exclusions before treating it as enforced.","False","70"
"Analysis","Allowed virtual machine size SKUs","Assigned","Compute","Optimize","Required","Deny","[""Audit"",""Deny"",""Disabled""]","Blocks oversized VM families and supports the rightsizing story shown in the demo.","/providers/Microsoft.Authorization/policyDefinitions/cccc23c7-8427-4f53-ad12-b6a63eb452b3","https://learn.microsoft.com/en-us/azure/governance/policy/samples/built-in-policies#compute","[{""IsArray"":true,""Label"":""Allowed VM SKUs"",""Required"":true,""Name"":""listOfAllowedSKUs""}]","{""AssignmentName"":""Allowed virtual machine size SKUs"",""AssignmentId"":""/subscriptions/aaaaaaaa-0005-4a1a-8a1a-000000000005/providers/Microsoft.Authorization/policyAssignments/allowed-vm-skus-devtest"",""PolicyDefId"":""/providers/Microsoft.Authorization/policyDefinitions/cccc23c7-8427-4f53-ad12-b6a63eb452b3"",""Scope"":""/subscriptions/aaaaaaaa-0005-4a1a-8a1a-000000000005"",""Effect"":""Deny"",""EnforcementMode"":""DoNotEnforce"",""Origin"":""BuiltIn"",""Subscription"":""Contoso-Dev-Test"",""Description"":""Advisory today - will be enforced after the next dev/test rightsizing sprint."",""ScopeDisplayName"":""Contoso-Dev-Test""}","Assignment presence is confirmed in the demo dataset; review parameters and exclusions before treating it as enforced.","False","70"
"Analysis","Storage accounts should be limited by allowed SKUs","Assigned","Storage","Optimize","Recommended","Deny","[""Audit"",""Deny"",""Disabled""]","Prevents unneeded premium storage and contains storage account cost drift.","/providers/Microsoft.Authorization/policyDefinitions/7433c107-6db4-4ad1-b57a-a76dce0154a1","https://learn.microsoft.com/en-us/azure/governance/policy/samples/built-in-policies#storage","[{""IsArray"":true,""Label"":""Allowed storage SKUs"",""Required"":true,""Name"":""listOfAllowedSKUs""}]","{""AssignmentName"":""Storage accounts should be limited by allowed SKUs"",""AssignmentId"":""/subscriptions/aaaaaaaa-0001-4a1a-8a1a-000000000001/providers/Microsoft.Authorization/policyAssignments/allowed-storage-skus-eastus"",""PolicyDefId"":""/providers/Microsoft.Authorization/policyDefinitions/7433c107-6db4-4ad1-b57a-a76dce0154a1"",""Scope"":""/subscriptions/aaaaaaaa-0001-4a1a-8a1a-000000000001"",""Effect"":""Deny"",""EnforcementMode"":""Default"",""Origin"":""BuiltIn"",""Subscription"":""Contoso-Production-EastUS"",""Description"":""Constrains new storage accounts to Standard_LRS, Standard_GRS, and Standard_ZRS."",""ScopeDisplayName"":""Contoso-Production-EastUS""}","Assignment presence is confirmed in the demo dataset; review parameters and exclusions before treating it as enforced.","False","70"
"Analysis","Allowed managed disk SKUs","Missing","Compute","Optimize","Recommended","Deny","[""Audit"",""Deny"",""Disabled""]","Helps eliminate lingering Standard_LRS and oversized premium disk purchases.","/providers/Microsoft.Authorization/policyDefinitions/06a78e20-9358-41c9-923c-fb736d382a4d","https://learn.microsoft.com/en-us/azure/governance/policy/samples/built-in-policies#compute","[{""IsArray"":true,""Label"":""Allowed disk SKUs"",""Required"":true,""Name"":""listOfAllowedSKUs""}]","","No matching built-in definition was found in the current synthetic assignment inventory.","False","70"
"Analysis","Audit diagnostic setting","Assigned","Monitoring","Understand","Required","AuditIfNotExists","[""AuditIfNotExists"",""Disabled""]","Ensures logs are present for cost, performance, and governance investigations.","/providers/Microsoft.Authorization/policyDefinitions/7f89b1eb-583c-429a-8828-af049802c1d9","https://learn.microsoft.com/en-us/azure/governance/policy/samples/built-in-policies#monitoring","[{""IsArray"":true,""Label"":""Resource types to audit"",""Required"":true,""Name"":""listOfResourceTypes""}]","{""AssignmentName"":""Audit diagnostic setting"",""AssignmentId"":""/subscriptions/aaaaaaaa-0003-4a1a-8a1a-000000000003/providers/Microsoft.Authorization/policyAssignments/audit-diag-analytics"",""PolicyDefId"":""/providers/Microsoft.Authorization/policyDefinitions/7f89b1eb-583c-429a-8828-af049802c1d9"",""Scope"":""/subscriptions/aaaaaaaa-0003-4a1a-8a1a-000000000003"",""Effect"":""AuditIfNotExists"",""EnforcementMode"":""Default"",""Origin"":""BuiltIn"",""Subscription"":""Contoso-Analytics-Prod"",""Description"":""Audits whether analytics resources emit logs to the central workspace."",""ScopeDisplayName"":""Contoso-Analytics-Prod""}","Assignment presence is confirmed in the demo dataset; review parameters and exclusions before treating it as enforced.","False","70"
"Analysis","Not allowed resource types","Assigned","General","Optimize","Recommended","Deny","[""Audit"",""Deny"",""Disabled""]","Blocks expensive or non-standard resource types before they show up in the monthly bill.","/providers/Microsoft.Authorization/policyDefinitions/6c112d4e-5bc7-47ae-a041-ea2d9dccd749","https://learn.microsoft.com/en-us/azure/governance/policy/samples/built-in-policies#general","[{""IsArray"":true,""Label"":""Resource types to block"",""Required"":true,""Name"":""listOfResourceTypesNotAllowed""}]","{""AssignmentName"":""Not allowed resource types"",""AssignmentId"":""/subscriptions/aaaaaaaa-0006-4a1a-8a1a-000000000006/providers/Microsoft.Authorization/policyAssignments/block-expensive-resource-types-sandbox"",""PolicyDefId"":""/providers/Microsoft.Authorization/policyDefinitions/6c112d4e-5bc7-47ae-a041-ea2d9dccd749"",""Scope"":""/subscriptions/aaaaaaaa-0006-4a1a-8a1a-000000000006"",""Effect"":""Deny"",""EnforcementMode"":""Default"",""Origin"":""BuiltIn"",""Subscription"":""Contoso-Sandbox"",""Description"":""Blocks HDInsight, Synapse dedicated pools, and other high-cost SKUs in sandbox."",""ScopeDisplayName"":""Contoso-Sandbox""}","Assignment presence is confirmed in the demo dataset; review parameters and exclusions before treating it as enforced.","False","70"
"Summary.Missing","Require a tag on resource groups","Missing","Tags","Understand","Required","Deny","[""Audit"",""Deny"",""Disabled""]","Prevents untagged landing zones and keeps inherited chargeback metadata anchored at the RG layer.","/providers/Microsoft.Authorization/policyDefinitions/96670d01-0a4d-4649-9c89-2d3abc0a5025","https://learn.microsoft.com/en-us/azure/governance/policy/samples/built-in-policies#tags","[{""Label"":""Tag name (for example CostCenter)"",""Required"":true,""Name"":""tagName""}]","","No matching built-in definition was found in the current synthetic assignment inventory.","False","70"
"Summary.Missing","Inherit a tag from the resource group if missing","Missing","Tags","Understand","Recommended","Modify","[""Modify"",""Disabled""]","Autostamps missing allocation metadata onto child resources and helps raise tag coverage above the current 64%.","/providers/Microsoft.Authorization/policyDefinitions/ea3f2387-9b95-492a-a190-fcdc54f7b070","https://learn.microsoft.com/en-us/azure/governance/policy/samples/built-in-policies#tags","[{""Label"":""Tag name to inherit"",""Required"":true,""Name"":""tagName""}]","","No matching built-in definition was found in the current synthetic assignment inventory.","False","70"
"Summary.Missing","Allowed managed disk SKUs","Missing","Compute","Optimize","Recommended","Deny","[""Audit"",""Deny"",""Disabled""]","Helps eliminate lingering Standard_LRS and oversized premium disk purchases.","/providers/Microsoft.Authorization/policyDefinitions/06a78e20-9358-41c9-923c-fb736d382a4d","https://learn.microsoft.com/en-us/azure/governance/policy/samples/built-in-policies#compute","[{""IsArray"":true,""Label"":""Allowed disk SKUs"",""Required"":true,""Name"":""listOfAllowedSKUs""}]","","No matching built-in definition was found in the current synthetic assignment inventory.","False","70"
"Summary.Assigned","Require a tag on resources","Assigned","Tags","Understand","Required","Deny","[""Audit"",""Deny"",""Disabled""]","Enforce cost allocation tagging on every resource creation path.","/providers/Microsoft.Authorization/policyDefinitions/726aca4c-86e9-4b04-b0c5-073027359532","https://learn.microsoft.com/en-us/azure/governance/policy/samples/built-in-policies#tags","[{""Label"":""Tag name (for example CostCenter)"",""Required"":true,""Name"":""tagName""}]","{""AssignmentName"":""Require CostCenter on resources"",""AssignmentId"":""/subscriptions/aaaaaaaa-0001-4a1a-8a1a-000000000001/providers/Microsoft.Authorization/policyAssignments/require-costcenter-eastus"",""PolicyDefId"":""/providers/Microsoft.Authorization/policyDefinitions/726aca4c-86e9-4b04-b0c5-073027359532"",""Scope"":""/subscriptions/aaaaaaaa-0001-4a1a-8a1a-000000000001"",""Effect"":""Deny"",""EnforcementMode"":""Default"",""Origin"":""BuiltIn"",""Subscription"":""Contoso-Production-EastUS"",""Description"":""Blocks new resources in production unless CostCenter is populated."",""ScopeDisplayName"":""Contoso-Production-EastUS""}","Assignment presence is confirmed in the demo dataset; review parameters and exclusions before treating it as enforced.","False","70"
"Summary.Assigned","Inherit a tag from the subscription if missing","Assigned","Tags","Understand","Recommended","Modify","[""Modify"",""Disabled""]","Propagates top-level ownership or BusinessUnit metadata when resource groups miss the tag.","/providers/Microsoft.Authorization/policyDefinitions/40df99da-1232-49b1-a39a-6da8d878f469","https://learn.microsoft.com/en-us/azure/governance/policy/samples/built-in-policies#tags","[{""Label"":""Tag name to inherit"",""Required"":true,""Name"":""tagName""}]","{""AssignmentName"":""Inherit a tag from the subscription if missing"",""AssignmentId"":""/subscriptions/aaaaaaaa-0006-4a1a-8a1a-000000000006/providers/Microsoft.Authorization/policyAssignments/inherit-businessunit-sandbox"",""PolicyDefId"":""/providers/Microsoft.Authorization/policyDefinitions/40df99da-1232-49b1-a39a-6da8d878f469"",""Scope"":""/subscriptions/aaaaaaaa-0006-4a1a-8a1a-000000000006"",""Effect"":""Modify"",""EnforcementMode"":""Default"",""Origin"":""BuiltIn"",""Subscription"":""Contoso-Sandbox"",""Description"":""Stamps sandbox resources with the parent BusinessUnit tag for lightweight showback."",""ScopeDisplayName"":""Contoso-Sandbox""}","Assignment presence is confirmed in the demo dataset; review parameters and exclusions before treating it as enforced.","False","70"
"Summary.Assigned","Allowed locations","Assigned","General","Optimize","Required","Deny","[""Audit"",""Deny"",""Disabled""]","Reduces accidental spend in unapproved regions and keeps production aligned to approved geographies.","/providers/Microsoft.Authorization/policyDefinitions/e56962a6-4747-49cd-b67b-bf8b01975c4c","https://learn.microsoft.com/en-us/azure/governance/policy/samples/built-in-policies#general","[{""IsArray"":true,""Label"":""Allowed locations"",""Required"":true,""Name"":""listOfAllowedLocations""}]","{""AssignmentName"":""Allowed locations"",""AssignmentId"":""/subscriptions/aaaaaaaa-0002-4a1a-8a1a-000000000002/providers/Microsoft.Authorization/policyAssignments/allowed-locations-weu"",""PolicyDefId"":""/providers/Microsoft.Authorization/policyDefinitions/e56962a6-4747-49cd-b67b-bf8b01975c4c"",""Scope"":""/subscriptions/aaaaaaaa-0002-4a1a-8a1a-000000000002"",""Effect"":""Deny"",""EnforcementMode"":""Default"",""Origin"":""BuiltIn"",""Subscription"":""Contoso-Production-WestEurope"",""Description"":""Restricts deployment to approved European production regions."",""ScopeDisplayName"":""Contoso-Production-WestEurope""}","Assignment presence is confirmed in the demo dataset; review parameters and exclusions before treating it as enforced.","False","70"
"Summary.Assigned","Allowed virtual machine size SKUs","Assigned","Compute","Optimize","Required","Deny","[""Audit"",""Deny"",""Disabled""]","Blocks oversized VM families and supports the rightsizing story shown in the demo.","/providers/Microsoft.Authorization/policyDefinitions/cccc23c7-8427-4f53-ad12-b6a63eb452b3","https://learn.microsoft.com/en-us/azure/governance/policy/samples/built-in-policies#compute","[{""IsArray"":true,""Label"":""Allowed VM SKUs"",""Required"":true,""Name"":""listOfAllowedSKUs""}]","{""AssignmentName"":""Allowed virtual machine size SKUs"",""AssignmentId"":""/subscriptions/aaaaaaaa-0005-4a1a-8a1a-000000000005/providers/Microsoft.Authorization/policyAssignments/allowed-vm-skus-devtest"",""PolicyDefId"":""/providers/Microsoft.Authorization/policyDefinitions/cccc23c7-8427-4f53-ad12-b6a63eb452b3"",""Scope"":""/subscriptions/aaaaaaaa-0005-4a1a-8a1a-000000000005"",""Effect"":""Deny"",""EnforcementMode"":""DoNotEnforce"",""Origin"":""BuiltIn"",""Subscription"":""Contoso-Dev-Test"",""Description"":""Advisory today - will be enforced after the next dev/test rightsizing sprint."",""ScopeDisplayName"":""Contoso-Dev-Test""}","Assignment presence is confirmed in the demo dataset; review parameters and exclusions before treating it as enforced.","False","70"
"Summary.Assigned","Storage accounts should be limited by allowed SKUs","Assigned","Storage","Optimize","Recommended","Deny","[""Audit"",""Deny"",""Disabled""]","Prevents unneeded premium storage and contains storage account cost drift.","/providers/Microsoft.Authorization/policyDefinitions/7433c107-6db4-4ad1-b57a-a76dce0154a1","https://learn.microsoft.com/en-us/azure/governance/policy/samples/built-in-policies#storage","[{""IsArray"":true,""Label"":""Allowed storage SKUs"",""Required"":true,""Name"":""listOfAllowedSKUs""}]","{""AssignmentName"":""Storage accounts should be limited by allowed SKUs"",""AssignmentId"":""/subscriptions/aaaaaaaa-0001-4a1a-8a1a-000000000001/providers/Microsoft.Authorization/policyAssignments/allowed-storage-skus-eastus"",""PolicyDefId"":""/providers/Microsoft.Authorization/policyDefinitions/7433c107-6db4-4ad1-b57a-a76dce0154a1"",""Scope"":""/subscriptions/aaaaaaaa-0001-4a1a-8a1a-000000000001"",""Effect"":""Deny"",""EnforcementMode"":""Default"",""Origin"":""BuiltIn"",""Subscription"":""Contoso-Production-EastUS"",""Description"":""Constrains new storage accounts to Standard_LRS, Standard_GRS, and Standard_ZRS."",""ScopeDisplayName"":""Contoso-Production-EastUS""}","Assignment presence is confirmed in the demo dataset; review parameters and exclusions before treating it as enforced.","False","70"
"Summary.Assigned","Audit diagnostic setting","Assigned","Monitoring","Understand","Required","AuditIfNotExists","[""AuditIfNotExists"",""Disabled""]","Ensures logs are present for cost, performance, and governance investigations.","/providers/Microsoft.Authorization/policyDefinitions/7f89b1eb-583c-429a-8828-af049802c1d9","https://learn.microsoft.com/en-us/azure/governance/policy/samples/built-in-policies#monitoring","[{""IsArray"":true,""Label"":""Resource types to audit"",""Required"":true,""Name"":""listOfResourceTypes""}]","{""AssignmentName"":""Audit diagnostic setting"",""AssignmentId"":""/subscriptions/aaaaaaaa-0003-4a1a-8a1a-000000000003/providers/Microsoft.Authorization/policyAssignments/audit-diag-analytics"",""PolicyDefId"":""/providers/Microsoft.Authorization/policyDefinitions/7f89b1eb-583c-429a-8828-af049802c1d9"",""Scope"":""/subscriptions/aaaaaaaa-0003-4a1a-8a1a-000000000003"",""Effect"":""AuditIfNotExists"",""EnforcementMode"":""Default"",""Origin"":""BuiltIn"",""Subscription"":""Contoso-Analytics-Prod"",""Description"":""Audits whether analytics resources emit logs to the central workspace."",""ScopeDisplayName"":""Contoso-Analytics-Prod""}","Assignment presence is confirmed in the demo dataset; review parameters and exclusions before treating it as enforced.","False","70"
"Summary.Assigned","Not allowed resource types","Assigned","General","Optimize","Recommended","Deny","[""Audit"",""Deny"",""Disabled""]","Blocks expensive or non-standard resource types before they show up in the monthly bill.","/providers/Microsoft.Authorization/policyDefinitions/6c112d4e-5bc7-47ae-a041-ea2d9dccd749","https://learn.microsoft.com/en-us/azure/governance/policy/samples/built-in-policies#general","[{""IsArray"":true,""Label"":""Resource types to block"",""Required"":true,""Name"":""listOfResourceTypesNotAllowed""}]","{""AssignmentName"":""Not allowed resource types"",""AssignmentId"":""/subscriptions/aaaaaaaa-0006-4a1a-8a1a-000000000006/providers/Microsoft.Authorization/policyAssignments/block-expensive-resource-types-sandbox"",""PolicyDefId"":""/providers/Microsoft.Authorization/policyDefinitions/6c112d4e-5bc7-47ae-a041-ea2d9dccd749"",""Scope"":""/subscriptions/aaaaaaaa-0006-4a1a-8a1a-000000000006"",""Effect"":""Deny"",""EnforcementMode"":""Default"",""Origin"":""BuiltIn"",""Subscription"":""Contoso-Sandbox"",""Description"":""Blocks HDInsight, Synapse dedicated pools, and other high-cost SKUs in sandbox."",""ScopeDisplayName"":""Contoso-Sandbox""}","Assignment presence is confirmed in the demo dataset; review parameters and exclusions before treating it as enforced.","False","70"
