"Subscription","BudgetName","Month","MonthSort","BudgetAmount","ActualSpend","PctUsed","Status","Currency","Note"
"Contoso-Analytics-Prod","Contoso-Analytics-Prod-monthly-cost","Apr 2026","2026-04","90000","25951.06","28.8","On Track","USD","Synthetic demo history."
"Contoso-Analytics-Prod","Contoso-Analytics-Prod-monthly-cost","May 2026","2026-05","90000","28933.94","32.1","On Track","USD","Synthetic demo history."
"Contoso-Analytics-Prod","Contoso-Analytics-Prod-monthly-cost","Jun 2026","2026-06","90000","31916.82","35.5","On Track","USD","Synthetic demo history."
"Contoso-Analytics-Prod","Contoso-Analytics-Prod-monthly-cost","Jul 2026","2026-07","90000","34899.7","38.8","On Track","USD","Synthetic demo history."
"Contoso-Analytics-Prod","Contoso-Analytics-Prod-monthly-cost","Aug 2026","2026-08","90000","37882.58","42.1","On Track","USD","Synthetic demo history."
"Contoso-Analytics-Prod","Contoso-Analytics-Prod-monthly-cost","Sep 2026","2026-09","90000","40865.46","45.4","On Track","USD","Synthetic demo history."
"Contoso-Production-EastUS","Contoso-Production-EastUS-monthly-cost","Apr 2026","2026-04","120000","88479.34","73.7","On Track","USD","Synthetic demo history."
"Contoso-Production-EastUS","Contoso-Production-EastUS-monthly-cost","May 2026","2026-05","120000","98649.38","82.2","Near Limit","USD","Synthetic demo history."
"Contoso-Production-EastUS","Contoso-Production-EastUS-monthly-cost","Jun 2026","2026-06","120000","108819.42","90.7","Near Limit","USD","Synthetic demo history."
"Contoso-Production-EastUS","Contoso-Production-EastUS-monthly-cost","Jul 2026","2026-07","120000","118989.46","99.2","Near Limit","USD","Synthetic demo history."
"Contoso-Production-EastUS","Contoso-Production-EastUS-monthly-cost","Aug 2026","2026-08","120000","129159.5","107.6","Over Budget","USD","Synthetic demo history."
"Contoso-Production-EastUS","Contoso-Production-EastUS-monthly-cost","Sep 2026","2026-09","120000","139329.54","116.1","Over Budget","USD","Synthetic demo history."
"Contoso-Production-WestEurope","Contoso-Production-WestEurope-monthly-cost","Apr 2026","2026-04","100000","42390.19","42.4","On Track","USD","Synthetic demo history."
"Contoso-Production-WestEurope","Contoso-Production-WestEurope-monthly-cost","May 2026","2026-05","100000","47262.63","47.3","On Track","USD","Synthetic demo history."
"Contoso-Production-WestEurope","Contoso-Production-WestEurope-monthly-cost","Jun 2026","2026-06","100000","52135.06","52.1","On Track","USD","Synthetic demo history."
"Contoso-Production-WestEurope","Contoso-Production-WestEurope-monthly-cost","Jul 2026","2026-07","100000","57007.5","57","On Track","USD","Synthetic demo history."
"Contoso-Production-WestEurope","Contoso-Production-WestEurope-monthly-cost","Aug 2026","2026-08","100000","61879.93","61.9","On Track","USD","Synthetic demo history."
"Contoso-Production-WestEurope","Contoso-Production-WestEurope-monthly-cost","Sep 2026","2026-09","100000","66752.37","66.8","On Track","USD","Synthetic demo history."
"Contoso-Shared-Services","Contoso-Shared-Services-monthly-cost","Apr 2026","2026-04","50000","14234.11","28.5","On Track","USD","Synthetic demo history."
"Contoso-Shared-Services","Contoso-Shared-Services-monthly-cost","May 2026","2026-05","50000","15870.22","31.7","On Track","USD","Synthetic demo history."
"Contoso-Shared-Services","Contoso-Shared-Services-monthly-cost","Jun 2026","2026-06","50000","17506.32","35","On Track","USD","Synthetic demo history."
"Contoso-Shared-Services","Contoso-Shared-Services-monthly-cost","Jul 2026","2026-07","50000","19142.43","38.3","On Track","USD","Synthetic demo history."
"Contoso-Shared-Services","Contoso-Shared-Services-monthly-cost","Aug 2026","2026-08","50000","20778.53","41.6","On Track","USD","Synthetic demo history."
"Contoso-Shared-Services","Contoso-Shared-Services-monthly-cost","Sep 2026","2026-09","50000","22414.64","44.8","On Track","USD","Synthetic demo history."
