"RecordType","Subscription","SubscriptionId","Category","Impact","Problem","Solution","ResourceType","ResourceName","AnnualSavings","Currency","Summary.TotalCount","Summary.EstimatedAnnualSavings","Summary.Currency","Summary.CostIssue","Summary.Summary","Count","TotalSavings","CostIssue"
"Recommendations","Contoso-Production-EastUS","aaaaaaaa-0001-4a1a-8a1a-000000000001","Rightsize","High","Web tier VM sku is oversized during non-peak hours.","Resize prod-web-eus-03 from Standard_D16s_v5 to Standard_D8s_v5.","Microsoft.Compute/virtualMachines","prod-web-eus-03","12480","USD","10","57180","USD","","10 optimization recommendations; estimated annual savings: USD 57,180.00",,,
"Recommendations","Contoso-Production-EastUS","aaaaaaaa-0001-4a1a-8a1a-000000000001","Shutdown / Deallocate","Medium","A failover validation VM runs 24x7 outside scheduled tests.","Deallocate dr-validation-eus after the weekly failover window.","Microsoft.Compute/virtualMachines","dr-validation-eus","4680","USD","10","57180","USD","","10 optimization recommendations; estimated annual savings: USD 57,180.00",,,
"Recommendations","Contoso-Production-EastUS","aaaaaaaa-0001-4a1a-8a1a-000000000001","Modernize","Medium","Legacy App Service plan has low utilization but premium pricing.","Move internal-api-eus to a consolidated PremiumV3 plan with autoscale.","Microsoft.Web/serverfarms","asp-premium-eus-legacy","6180","USD","10","57180","USD","","10 optimization recommendations; estimated annual savings: USD 57,180.00",,,
"Recommendations","Contoso-Production-WestEurope","aaaaaaaa-0002-4a1a-8a1a-000000000002","Rightsize","High","West Europe API nodes sustain low CPU and memory utilization.","Resize api-weu-01 and api-weu-02 from D8s_v5 to D4s_v5.","Microsoft.Compute/virtualMachines","api-weu-scale-set","9720","USD","10","57180","USD","","10 optimization recommendations; estimated annual savings: USD 57,180.00",,,
"Recommendations","Contoso-Production-WestEurope","aaaaaaaa-0002-4a1a-8a1a-000000000002","Delete Unused","Medium","Two unattached premium SSDs remain after a migration.","Delete orphaned managed disks disk-weu-legacy-01 and disk-weu-legacy-02.","Microsoft.Compute/disks","disk-weu-legacy-*","1860","USD","10","57180","USD","","10 optimization recommendations; estimated annual savings: USD 57,180.00",,,
"Recommendations","Contoso-Analytics-Prod","aaaaaaaa-0003-4a1a-8a1a-000000000003","Rightsize","High","Analytics worker cluster maintains oversized nodes between batch windows.","Reduce the default node size for the nightly analytics worker pool.","Microsoft.Compute/virtualMachines","analytics-worker-pool","14160","USD","10","57180","USD","","10 optimization recommendations; estimated annual savings: USD 57,180.00",,,
"Recommendations","Contoso-Analytics-Prod","aaaaaaaa-0003-4a1a-8a1a-000000000003","Modernize","Low","Always-on self-hosted integration runtime is underutilized.","Move bursty ETL orchestration to serverless data movement where possible.","Microsoft.DataFactory/factories","adf-analytics-prod","3840","USD","10","57180","USD","","10 optimization recommendations; estimated annual savings: USD 57,180.00",,,
"Recommendations","Contoso-Shared-Services","aaaaaaaa-0004-4a1a-8a1a-000000000004","Delete Unused","Low","Idle public IP and recovery test NIC remain allocated.","Remove the unused public IP and test NIC from the shared services subscription.","Microsoft.Network/publicIPAddresses","pip-shared-legacy","960","USD","10","57180","USD","","10 optimization recommendations; estimated annual savings: USD 57,180.00",,,
"Recommendations","Contoso-Dev-Test","aaaaaaaa-0005-4a1a-8a1a-000000000005","Shutdown / Deallocate","Medium","Developer test VMs stay powered on overnight and on weekends.","Apply auto-shutdown to the dev-test VM pool outside business hours.","Microsoft.Compute/virtualMachines","devtest-lab-pool","2820","USD","10","57180","USD","","10 optimization recommendations; estimated annual savings: USD 57,180.00",,,
"Recommendations","Contoso-Sandbox","aaaaaaaa-0006-4a1a-8a1a-000000000006","Delete Unused","Low","A sandbox storage account has not served requests for over 45 days.","Delete or archive the unused sandbox storage account.","Microsoft.Storage/storageAccounts","stcontososbxold01","480","USD","10","57180","USD","","10 optimization recommendations; estimated annual savings: USD 57,180.00",,,
"Summary.ByCategory",,,"Delete Unused",,,,,,,"USD","10","57180","USD","","10 optimization recommendations; estimated annual savings: USD 57,180.00","3","3300",""
"Summary.ByCategory",,,"Modernize",,,,,,,"USD","10","57180","USD","","10 optimization recommendations; estimated annual savings: USD 57,180.00","2","10020",""
"Summary.ByCategory",,,"Rightsize",,,,,,,"USD","10","57180","USD","","10 optimization recommendations; estimated annual savings: USD 57,180.00","3","36360",""
"Summary.ByCategory",,,"Shutdown / Deallocate",,,,,,,"USD","10","57180","USD","","10 optimization recommendations; estimated annual savings: USD 57,180.00","2","7500",""
"Summary.ByImpact",,,,"High",,,,,,,"10","57180","USD","","10 optimization recommendations; estimated annual savings: USD 57,180.00","3",,
"Summary.ByImpact",,,,"Low",,,,,,,"10","57180","USD","","10 optimization recommendations; estimated annual savings: USD 57,180.00","3",,
"Summary.ByImpact",,,,"Medium",,,,,,,"10","57180","USD","","10 optimization recommendations; estimated annual savings: USD 57,180.00","4",,
