"RecordType","Month","EmissionsKg","Summary.HasData","Summary.TotalEmissionsKg","Summary.PreviousMonthKg","Summary.ChangeValueKg","Summary.ChangeRatio","Summary.CoverageIncomplete","Summary.LatestMonth","Summary.Unit","Summary.ScannedSubs","Summary.Note","Subscription","SubscriptionId"
"MonthlyTrend","2025-09","43750","True","36884.7","39215.3","-2330.6","-5.9","False","2026-08","kgCO2e","6","Demo harness synthetic carbon data with a modest month-over-month improvement for presentation use only.",,
"MonthlyTrend","2025-10","43120","True","36884.7","39215.3","-2330.6","-5.9","False","2026-08","kgCO2e","6","Demo harness synthetic carbon data with a modest month-over-month improvement for presentation use only.",,
"MonthlyTrend","2025-11","42540","True","36884.7","39215.3","-2330.6","-5.9","False","2026-08","kgCO2e","6","Demo harness synthetic carbon data with a modest month-over-month improvement for presentation use only.",,
"MonthlyTrend","2025-12","41980","True","36884.7","39215.3","-2330.6","-5.9","False","2026-08","kgCO2e","6","Demo harness synthetic carbon data with a modest month-over-month improvement for presentation use only.",,
"MonthlyTrend","2026-01","41360","True","36884.7","39215.3","-2330.6","-5.9","False","2026-08","kgCO2e","6","Demo harness synthetic carbon data with a modest month-over-month improvement for presentation use only.",,
"MonthlyTrend","2026-02","40680","True","36884.7","39215.3","-2330.6","-5.9","False","2026-08","kgCO2e","6","Demo harness synthetic carbon data with a modest month-over-month improvement for presentation use only.",,
"MonthlyTrend","2026-03","40110","True","36884.7","39215.3","-2330.6","-5.9","False","2026-08","kgCO2e","6","Demo harness synthetic carbon data with a modest month-over-month improvement for presentation use only.",,
"MonthlyTrend","2026-04","39680","True","36884.7","39215.3","-2330.6","-5.9","False","2026-08","kgCO2e","6","Demo harness synthetic carbon data with a modest month-over-month improvement for presentation use only.",,
"MonthlyTrend","2026-05","39240","True","36884.7","39215.3","-2330.6","-5.9","False","2026-08","kgCO2e","6","Demo harness synthetic carbon data with a modest month-over-month improvement for presentation use only.",,
"MonthlyTrend","2026-06","38810","True","36884.7","39215.3","-2330.6","-5.9","False","2026-08","kgCO2e","6","Demo harness synthetic carbon data with a modest month-over-month improvement for presentation use only.",,
"MonthlyTrend","2026-07","39215.3","True","36884.7","39215.3","-2330.6","-5.9","False","2026-08","kgCO2e","6","Demo harness synthetic carbon data with a modest month-over-month improvement for presentation use only.",,
"MonthlyTrend","2026-08","36884.7","True","36884.7","39215.3","-2330.6","-5.9","False","2026-08","kgCO2e","6","Demo harness synthetic carbon data with a modest month-over-month improvement for presentation use only.",,
"BySubscription",,"15420","True","36884.7","39215.3","-2330.6","-5.9","False","2026-08","kgCO2e","6","Demo harness synthetic carbon data with a modest month-over-month improvement for presentation use only.","Contoso-Production-EastUS","aaaaaaaa-0001-4a1a-8a1a-000000000001"
"BySubscription",,"8870","True","36884.7","39215.3","-2330.6","-5.9","False","2026-08","kgCO2e","6","Demo harness synthetic carbon data with a modest month-over-month improvement for presentation use only.","Contoso-Production-WestEurope","aaaaaaaa-0002-4a1a-8a1a-000000000002"
"BySubscription",,"7360","True","36884.7","39215.3","-2330.6","-5.9","False","2026-08","kgCO2e","6","Demo harness synthetic carbon data with a modest month-over-month improvement for presentation use only.","Contoso-Analytics-Prod","aaaaaaaa-0003-4a1a-8a1a-000000000003"
"BySubscription",,"3210","True","36884.7","39215.3","-2330.6","-5.9","False","2026-08","kgCO2e","6","Demo harness synthetic carbon data with a modest month-over-month improvement for presentation use only.","Contoso-Shared-Services","aaaaaaaa-0004-4a1a-8a1a-000000000004"
"BySubscription",,"1440","True","36884.7","39215.3","-2330.6","-5.9","False","2026-08","kgCO2e","6","Demo harness synthetic carbon data with a modest month-over-month improvement for presentation use only.","Contoso-Dev-Test","aaaaaaaa-0005-4a1a-8a1a-000000000005"
"BySubscription",,"584.7","True","36884.7","39215.3","-2330.6","-5.9","False","2026-08","kgCO2e","6","Demo harness synthetic carbon data with a modest month-over-month improvement for presentation use only.","Contoso-Sandbox","aaaaaaaa-0006-4a1a-8a1a-000000000006"
