"Subscription","SubscriptionId","ResourceGroup","ResourceType","ResourceName","ResourcePath","Actual","ActualPeriod","ActualPeriodStart","ActualPeriodEnd","ActualPeriodSource","Forecast","Currency"
"Contoso-Production-EastUS","aaaaaaaa-0001-4a1a-8a1a-000000000001","rg-prod-eastus-core","AKS Cluster","aks-prod-eastus-01","/subscriptions/aaaaaaaa-0001-4a1a-8a1a-000000000001/resourceGroups/rg-prod-eastus-core/providers/demo/aks-prod-eastus-01","38500.2","2026-10-01 00:00 to 2026-10-03 00:37 UTC (synthetic demo window)","2026-10-01T00:00:00.0000000Z","2026-10-03T00:37:27.6005692Z","Synthetic demo data","72600","USD"
"Contoso-Production-EastUS","aaaaaaaa-0001-4a1a-8a1a-000000000001","rg-prod-eastus-data","SQL Database","sql-prod-eastus-01","/subscriptions/aaaaaaaa-0001-4a1a-8a1a-000000000001/resourceGroups/rg-prod-eastus-data/providers/demo/sql-prod-eastus-01","21400.75","2026-10-01 00:00 to 2026-10-03 00:37 UTC (synthetic demo window)","2026-10-01T00:00:00.0000000Z","2026-10-03T00:37:27.6005692Z","Synthetic demo data","40300","USD"
"Contoso-Production-EastUS","aaaaaaaa-0001-4a1a-8a1a-000000000001","rg-prod-eastus-web","Virtual Machine","vm-web-eastus-03","/subscriptions/aaaaaaaa-0001-4a1a-8a1a-000000000001/resourceGroups/rg-prod-eastus-web/providers/demo/vm-web-eastus-03","12850.4","2026-10-01 00:00 to 2026-10-03 00:37 UTC (synthetic demo window)","2026-10-01T00:00:00.0000000Z","2026-10-03T00:37:27.6005692Z","Synthetic demo data","24200","USD"
"Contoso-Production-EastUS","aaaaaaaa-0001-4a1a-8a1a-000000000001","rg-prod-eastus-core","Storage Account","stprodeastus001","/subscriptions/aaaaaaaa-0001-4a1a-8a1a-000000000001/resourceGroups/rg-prod-eastus-core/providers/demo/stprodeastus001","6200.1","2026-10-01 00:00 to 2026-10-03 00:37 UTC (synthetic demo window)","2026-10-01T00:00:00.0000000Z","2026-10-03T00:37:27.6005692Z","Synthetic demo data","11700","USD"
"Contoso-Production-WestEurope","aaaaaaaa-0002-4a1a-8a1a-000000000002","rg-prod-weu-data","SQL Database","sql-prod-weu-01","/subscriptions/aaaaaaaa-0002-4a1a-8a1a-000000000002/resourceGroups/rg-prod-weu-data/providers/demo/sql-prod-weu-01","18200","2026-10-01 00:00 to 2026-10-03 00:37 UTC (synthetic demo window)","2026-10-01T00:00:00.0000000Z","2026-10-03T00:37:27.6005692Z","Synthetic demo data","34300","USD"
"Contoso-Production-WestEurope","aaaaaaaa-0002-4a1a-8a1a-000000000002","rg-prod-weu-app","Virtual Machine","vm-app-weu-02","/subscriptions/aaaaaaaa-0002-4a1a-8a1a-000000000002/resourceGroups/rg-prod-weu-app/providers/demo/vm-app-weu-02","9650.3","2026-10-01 00:00 to 2026-10-03 00:37 UTC (synthetic demo window)","2026-10-01T00:00:00.0000000Z","2026-10-03T00:37:27.6005692Z","Synthetic demo data","18200","USD"
"Contoso-Production-WestEurope","aaaaaaaa-0002-4a1a-8a1a-000000000002","rg-prod-weu-net","App Gateway","appgw-weu-prod","/subscriptions/aaaaaaaa-0002-4a1a-8a1a-000000000002/resourceGroups/rg-prod-weu-net/providers/demo/appgw-weu-prod","4100","2026-10-01 00:00 to 2026-10-03 00:37 UTC (synthetic demo window)","2026-10-01T00:00:00.0000000Z","2026-10-03T00:37:27.6005692Z","Synthetic demo data","7700","USD"
"Contoso-Analytics-Prod","aaaaaaaa-0003-4a1a-8a1a-000000000003","rg-analytics-data","Cosmos DB","cosmos-analytics-01","/subscriptions/aaaaaaaa-0003-4a1a-8a1a-000000000003/resourceGroups/rg-analytics-data/providers/demo/cosmos-analytics-01","15400","2026-10-01 00:00 to 2026-10-03 00:37 UTC (synthetic demo window)","2026-10-01T00:00:00.0000000Z","2026-10-03T00:37:27.6005692Z","Synthetic demo data","29100","USD"
"Contoso-Analytics-Prod","aaaaaaaa-0003-4a1a-8a1a-000000000003","rg-analytics-compute","Virtual Machine","vm-batch-analytics-04","/subscriptions/aaaaaaaa-0003-4a1a-8a1a-000000000003/resourceGroups/rg-analytics-compute/providers/demo/vm-batch-analytics-04","8900","2026-10-01 00:00 to 2026-10-03 00:37 UTC (synthetic demo window)","2026-10-01T00:00:00.0000000Z","2026-10-03T00:37:27.6005692Z","Synthetic demo data","16800","USD"
"Contoso-Shared-Services","aaaaaaaa-0004-4a1a-8a1a-000000000004","rg-shared-monitoring","Log Analytics","law-shared-logs","/subscriptions/aaaaaaaa-0004-4a1a-8a1a-000000000004/resourceGroups/rg-shared-monitoring/providers/demo/law-shared-logs","5100","2026-10-01 00:00 to 2026-10-03 00:37 UTC (synthetic demo window)","2026-10-01T00:00:00.0000000Z","2026-10-03T00:37:27.6005692Z","Synthetic demo data","9600","USD"
"Contoso-Shared-Services","aaaaaaaa-0004-4a1a-8a1a-000000000004","rg-shared-network","VNet Gateway","vnetgw-shared-hub","/subscriptions/aaaaaaaa-0004-4a1a-8a1a-000000000004/resourceGroups/rg-shared-network/providers/demo/vnetgw-shared-hub","3200","2026-10-01 00:00 to 2026-10-03 00:37 UTC (synthetic demo window)","2026-10-01T00:00:00.0000000Z","2026-10-03T00:37:27.6005692Z","Synthetic demo data","6000","USD"
"Contoso-Shared-Services","aaaaaaaa-0004-4a1a-8a1a-000000000004","rg-shared-security","Key Vault","kv-shared-secrets","/subscriptions/aaaaaaaa-0004-4a1a-8a1a-000000000004/resourceGroups/rg-shared-security/providers/demo/kv-shared-secrets","450","2026-10-01 00:00 to 2026-10-03 00:37 UTC (synthetic demo window)","2026-10-01T00:00:00.0000000Z","2026-10-03T00:37:27.6005692Z","Synthetic demo data","850","USD"
"Contoso-Dev-Test","aaaaaaaa-0005-4a1a-8a1a-000000000005","rg-dev-test","Virtual Machine","vm-dev-test-01","/subscriptions/aaaaaaaa-0005-4a1a-8a1a-000000000005/resourceGroups/rg-dev-test/providers/demo/vm-dev-test-01","2100","2026-10-01 00:00 to 2026-10-03 00:37 UTC (synthetic demo window)","2026-10-01T00:00:00.0000000Z","2026-10-03T00:37:27.6005692Z","Synthetic demo data","3950","USD"
"Contoso-Sandbox","aaaaaaaa-0006-4a1a-8a1a-000000000006","rg-sandbox","Virtual Machine","vm-sandbox-01","/subscriptions/aaaaaaaa-0006-4a1a-8a1a-000000000006/resourceGroups/rg-sandbox/providers/demo/vm-sandbox-01","650","2026-10-01 00:00 to 2026-10-03 00:37 UTC (synthetic demo window)","2026-10-01T00:00:00.0000000Z","2026-10-03T00:37:27.6005692Z","Synthetic demo data","1220","USD"
