"RecordType","TagKey","TotalResources","Values","Summary.CoverageIncomplete","Summary.Note","Summary.TagCount","Summary.SpellingCount","Summary.TotalResources","Summary.TaggedCount","Summary.UntaggedCount","Summary.TagCoverage","ResourceName","ResourceType","ResourceGroup","Subscription","Location","Key","Value","tagName","tagValue","ResourceCount","ResourceTypes"
"TagNames","CostCenter","1510","[{""Value"":""CC-1042-Marketing"",""ResourceCount"":420,""ResourceTypes"":[""microsoft.web/sites"",""microsoft.storage/storageaccounts""]},{""Value"":""CC-2201-DataPlatform"",""ResourceCount"":380,""ResourceTypes"":[""microsoft.compute/virtualmachines"",""microsoft.sql/servers/databases""]},{""Value"":""CC-3390-Engineering"",""ResourceCount"":510,""ResourceTypes"":[""microsoft.containerservice/managedclusters"",""microsoft.compute/virtualmachines""]},{""Value"":""CC-9999-Shared"",""ResourceCount"":200,""ResourceTypes"":[""microsoft.network/virtualnetworks"",""microsoft.keyvault/vaults""]}]","False","","8","8","2340","1498","842","64",,,,,,,,,,,
"TagNames","BusinessUnit","1460","[{""Value"":""Retail"",""ResourceCount"":610,""ResourceTypes"":[""microsoft.web/sites"",""microsoft.sql/servers/databases""]},{""Value"":""Finance"",""ResourceCount"":340,""ResourceTypes"":[""microsoft.storage/storageaccounts"",""microsoft.compute/virtualmachines""]},{""Value"":""Platform"",""ResourceCount"":510,""ResourceTypes"":[""microsoft.containerservice/managedclusters"",""microsoft.network/virtualnetworks""]}]","False","","8","8","2340","1498","842","64",,,,,,,,,,,
"TagNames","ApplicationName","1200","[{""Value"":""checkout-web"",""ResourceCount"":280,""ResourceTypes"":[""microsoft.web/sites""]},{""Value"":""inventory-api"",""ResourceCount"":260,""ResourceTypes"":[""microsoft.web/sites"",""microsoft.sql/servers/databases""]},{""Value"":""analytics-pipeline"",""ResourceCount"":340,""ResourceTypes"":[""microsoft.documentdb/databaseaccounts"",""microsoft.compute/virtualmachines""]},{""Value"":""billing-service"",""ResourceCount"":320,""ResourceTypes"":[""microsoft.web/sites"",""microsoft.storage/storageaccounts""]}]","False","","8","8","2340","1498","842","64",,,,,,,,,,,
"TagNames","WorkloadName","980","[{""Value"":""ecommerce-core"",""ResourceCount"":430,""ResourceTypes"":[""microsoft.web/sites"",""microsoft.compute/virtualmachines""]},{""Value"":""data-platform"",""ResourceCount"":340,""ResourceTypes"":[""microsoft.documentdb/databaseaccounts"",""microsoft.sql/servers/databases""]},{""Value"":""shared-infra"",""ResourceCount"":210,""ResourceTypes"":[""microsoft.network/virtualnetworks"",""microsoft.keyvault/vaults""]}]","False","","8","8","2340","1498","842","64",,,,,,,,,,,
"TagNames","OpsTeam","1340","[{""Value"":""platform-eng"",""ResourceCount"":520,""ResourceTypes"":[""microsoft.containerservice/managedclusters""]},{""Value"":""data-eng"",""ResourceCount"":410,""ResourceTypes"":[""microsoft.documentdb/databaseaccounts"",""microsoft.sql/servers/databases""]},{""Value"":""sre"",""ResourceCount"":410,""ResourceTypes"":[""microsoft.compute/virtualmachines"",""microsoft.network/virtualnetworks""]}]","False","","8","8","2340","1498","842","64",,,,,,,,,,,
"TagNames","Criticality","1498","[{""Value"":""Tier1-Critical"",""ResourceCount"":360,""ResourceTypes"":[""microsoft.sql/servers/databases"",""microsoft.containerservice/managedclusters""]},{""Value"":""Tier2-Important"",""ResourceCount"":640,""ResourceTypes"":[""microsoft.web/sites"",""microsoft.compute/virtualmachines""]},{""Value"":""Tier3-Standard"",""ResourceCount"":498,""ResourceTypes"":[""microsoft.storage/storageaccounts""]}]","False","","8","8","2340","1498","842","64",,,,,,,,,,,
"TagNames","DataClassification","1120","[{""Value"":""Confidential"",""ResourceCount"":240,""ResourceTypes"":[""microsoft.sql/servers/databases"",""microsoft.keyvault/vaults""]},{""Value"":""Internal"",""ResourceCount"":760,""ResourceTypes"":[""microsoft.storage/storageaccounts"",""microsoft.web/sites""]},{""Value"":""Public"",""ResourceCount"":120,""ResourceTypes"":[""microsoft.cdn/profiles""]}]","False","","8","8","2340","1498","842","64",,,,,,,,,,,
"TagNames","Environment","1498","[{""Value"":""Production"",""ResourceCount"":980,""ResourceTypes"":[""microsoft.compute/virtualmachines"",""microsoft.sql/servers/databases""]},{""Value"":""Staging"",""ResourceCount"":310,""ResourceTypes"":[""microsoft.web/sites""]},{""Value"":""Development"",""ResourceCount"":208,""ResourceTypes"":[""microsoft.compute/virtualmachines""]}]","False","","8","8","2340","1498","842","64",,,,,,,,,,,
"UntaggedResources",,,,"False","","8","8","2340","1498","842","64","vm-test-legacy-01","microsoft.compute/virtualmachines","rg-dev-test","Contoso-Dev-Test","eastus",,,,,,
"UntaggedResources",,,,"False","","8","8","2340","1498","842","64","disk-orphan-9f21","microsoft.compute/disks","rg-prod-eastus-core","Contoso-Production-EastUS","eastus",,,,,,
"UntaggedResources",,,,"False","","8","8","2340","1498","842","64","pip-unused-weu-04","microsoft.network/publicipaddresses","rg-prod-weu-net","Contoso-Production-WestEurope","westeurope",,,,,,
"UntaggedResources",,,,"False","","8","8","2340","1498","842","64","st-scratch-analytics","microsoft.storage/storageaccounts","rg-analytics-compute","Contoso-Analytics-Prod","eastus2",,,,,,
"UntaggedResources",,,,"False","","8","8","2340","1498","842","64","vm-sandbox-temp-02","microsoft.compute/virtualmachines","rg-sandbox","Contoso-Sandbox","eastus",,,,,,
"UntaggedResources",,,,"False","","8","8","2340","1498","842","64","nic-stale-shared-11","microsoft.network/networkinterfaces","rg-shared-network","Contoso-Shared-Services","eastus",,,,,,
"Summary.TagLocations",,,,"False","","8","8","2340","1498","842","64",,,,,,"CostCenter","Contoso-Production-EastUS / rg-prod-eastus-core",,,,
"Summary.TagLocations",,,,"False","","8","8","2340","1498","842","64",,,,,,"CostCenter","Contoso-Production-WestEurope / rg-prod-eastus-core",,,,
"Summary.TagLocations",,,,"False","","8","8","2340","1498","842","64",,,,,,"CostCenter","Contoso-Analytics-Prod / rg-prod-eastus-core",,,,
"Summary.TagLocations",,,,"False","","8","8","2340","1498","842","64",,,,,,"BusinessUnit","Contoso-Production-EastUS / rg-analytics-data",,,,
"Summary.TagLocations",,,,"False","","8","8","2340","1498","842","64",,,,,,"BusinessUnit","Contoso-Production-WestEurope / rg-analytics-data",,,,
"Summary.TagLocations",,,,"False","","8","8","2340","1498","842","64",,,,,,"BusinessUnit","Contoso-Analytics-Prod / rg-analytics-data",,,,
"Summary.TagLocations",,,,"False","","8","8","2340","1498","842","64",,,,,,"ApplicationName","Contoso-Production-EastUS / rg-prod-weu-app",,,,
"Summary.TagLocations",,,,"False","","8","8","2340","1498","842","64",,,,,,"ApplicationName","Contoso-Production-WestEurope / rg-prod-weu-app",,,,
"Summary.TagLocations",,,,"False","","8","8","2340","1498","842","64",,,,,,"ApplicationName","Contoso-Analytics-Prod / rg-prod-weu-app",,,,
"Summary.TagLocations",,,,"False","","8","8","2340","1498","842","64",,,,,,"WorkloadName","Contoso-Production-EastUS / rg-shared-monitoring",,,,
"Summary.TagLocations",,,,"False","","8","8","2340","1498","842","64",,,,,,"WorkloadName","Contoso-Production-WestEurope / rg-shared-monitoring",,,,
"Summary.TagLocations",,,,"False","","8","8","2340","1498","842","64",,,,,,"WorkloadName","Contoso-Analytics-Prod / rg-shared-monitoring",,,,
"Summary.TagLocations",,,,"False","","8","8","2340","1498","842","64",,,,,,"OpsTeam","Contoso-Production-EastUS / rg-dev-test",,,,
"Summary.TagLocations",,,,"False","","8","8","2340","1498","842","64",,,,,,"OpsTeam","Contoso-Production-WestEurope / rg-dev-test",,,,
"Summary.TagLocations",,,,"False","","8","8","2340","1498","842","64",,,,,,"OpsTeam","Contoso-Analytics-Prod / rg-dev-test",,,,
"Summary.TagLocations",,,,"False","","8","8","2340","1498","842","64",,,,,,"Criticality","Contoso-Production-EastUS / rg-prod-eastus-data",,,,
"Summary.TagLocations",,,,"False","","8","8","2340","1498","842","64",,,,,,"Criticality","Contoso-Production-WestEurope / rg-prod-eastus-data",,,,
"Summary.TagLocations",,,,"False","","8","8","2340","1498","842","64",,,,,,"Criticality","Contoso-Analytics-Prod / rg-prod-eastus-data",,,,
"Summary.TagLocations",,,,"False","","8","8","2340","1498","842","64",,,,,,"DataClassification","Contoso-Production-EastUS / rg-shared-security",,,,
"Summary.TagLocations",,,,"False","","8","8","2340","1498","842","64",,,,,,"DataClassification","Contoso-Production-WestEurope / rg-shared-security",,,,
"Summary.TagLocations",,,,"False","","8","8","2340","1498","842","64",,,,,,"DataClassification","Contoso-Analytics-Prod / rg-shared-security",,,,
"Summary.TagLocations",,,,"False","","8","8","2340","1498","842","64",,,,,,"Environment","Contoso-Production-EastUS / rg-prod-weu-data",,,,
"Summary.TagLocations",,,,"False","","8","8","2340","1498","842","64",,,,,,"Environment","Contoso-Production-WestEurope / rg-prod-weu-data",,,,
"Summary.TagLocations",,,,"False","","8","8","2340","1498","842","64",,,,,,"Environment","Contoso-Analytics-Prod / rg-prod-weu-data",,,,
"Summary.RawResults",,,,"False","","8","8","2340","1498","842","64",,,,,,,,"CostCenter","CC-1042-Marketing","420","[""microsoft.web/sites"",""microsoft.storage/storageaccounts""]"
"Summary.RawResults",,,,"False","","8","8","2340","1498","842","64",,,,,,,,"CostCenter","CC-2201-DataPlatform","380","[""microsoft.compute/virtualmachines"",""microsoft.sql/servers/databases""]"
"Summary.RawResults",,,,"False","","8","8","2340","1498","842","64",,,,,,,,"CostCenter","CC-3390-Engineering","510","[""microsoft.containerservice/managedclusters"",""microsoft.compute/virtualmachines""]"
"Summary.RawResults",,,,"False","","8","8","2340","1498","842","64",,,,,,,,"CostCenter","CC-9999-Shared","200","[""microsoft.network/virtualnetworks"",""microsoft.keyvault/vaults""]"
"Summary.RawResults",,,,"False","","8","8","2340","1498","842","64",,,,,,,,"BusinessUnit","Retail","610","[""microsoft.web/sites"",""microsoft.sql/servers/databases""]"
"Summary.RawResults",,,,"False","","8","8","2340","1498","842","64",,,,,,,,"BusinessUnit","Finance","340","[""microsoft.storage/storageaccounts"",""microsoft.compute/virtualmachines""]"
"Summary.RawResults",,,,"False","","8","8","2340","1498","842","64",,,,,,,,"BusinessUnit","Platform","510","[""microsoft.containerservice/managedclusters"",""microsoft.network/virtualnetworks""]"
"Summary.RawResults",,,,"False","","8","8","2340","1498","842","64",,,,,,,,"ApplicationName","checkout-web","280","[""microsoft.web/sites""]"
"Summary.RawResults",,,,"False","","8","8","2340","1498","842","64",,,,,,,,"ApplicationName","inventory-api","260","[""microsoft.web/sites"",""microsoft.sql/servers/databases""]"
"Summary.RawResults",,,,"False","","8","8","2340","1498","842","64",,,,,,,,"ApplicationName","analytics-pipeline","340","[""microsoft.documentdb/databaseaccounts"",""microsoft.compute/virtualmachines""]"
"Summary.RawResults",,,,"False","","8","8","2340","1498","842","64",,,,,,,,"ApplicationName","billing-service","320","[""microsoft.web/sites"",""microsoft.storage/storageaccounts""]"
"Summary.RawResults",,,,"False","","8","8","2340","1498","842","64",,,,,,,,"WorkloadName","ecommerce-core","430","[""microsoft.web/sites"",""microsoft.compute/virtualmachines""]"
"Summary.RawResults",,,,"False","","8","8","2340","1498","842","64",,,,,,,,"WorkloadName","data-platform","340","[""microsoft.documentdb/databaseaccounts"",""microsoft.sql/servers/databases""]"
"Summary.RawResults",,,,"False","","8","8","2340","1498","842","64",,,,,,,,"WorkloadName","shared-infra","210","[""microsoft.network/virtualnetworks"",""microsoft.keyvault/vaults""]"
"Summary.RawResults",,,,"False","","8","8","2340","1498","842","64",,,,,,,,"OpsTeam","platform-eng","520","[""microsoft.containerservice/managedclusters""]"
"Summary.RawResults",,,,"False","","8","8","2340","1498","842","64",,,,,,,,"OpsTeam","data-eng","410","[""microsoft.documentdb/databaseaccounts"",""microsoft.sql/servers/databases""]"
"Summary.RawResults",,,,"False","","8","8","2340","1498","842","64",,,,,,,,"OpsTeam","sre","410","[""microsoft.compute/virtualmachines"",""microsoft.network/virtualnetworks""]"
"Summary.RawResults",,,,"False","","8","8","2340","1498","842","64",,,,,,,,"Criticality","Tier1-Critical","360","[""microsoft.sql/servers/databases"",""microsoft.containerservice/managedclusters""]"
"Summary.RawResults",,,,"False","","8","8","2340","1498","842","64",,,,,,,,"Criticality","Tier2-Important","640","[""microsoft.web/sites"",""microsoft.compute/virtualmachines""]"
"Summary.RawResults",,,,"False","","8","8","2340","1498","842","64",,,,,,,,"Criticality","Tier3-Standard","498","[""microsoft.storage/storageaccounts""]"
"Summary.RawResults",,,,"False","","8","8","2340","1498","842","64",,,,,,,,"DataClassification","Confidential","240","[""microsoft.sql/servers/databases"",""microsoft.keyvault/vaults""]"
"Summary.RawResults",,,,"False","","8","8","2340","1498","842","64",,,,,,,,"DataClassification","Internal","760","[""microsoft.storage/storageaccounts"",""microsoft.web/sites""]"
"Summary.RawResults",,,,"False","","8","8","2340","1498","842","64",,,,,,,,"DataClassification","Public","120","[""microsoft.cdn/profiles""]"
"Summary.RawResults",,,,"False","","8","8","2340","1498","842","64",,,,,,,,"Environment","Production","980","[""microsoft.compute/virtualmachines"",""microsoft.sql/servers/databases""]"
"Summary.RawResults",,,,"False","","8","8","2340","1498","842","64",,,,,,,,"Environment","Staging","310","[""microsoft.web/sites""]"
"Summary.RawResults",,,,"False","","8","8","2340","1498","842","64",,,,,,,,"Environment","Development","208","[""microsoft.compute/virtualmachines""]"
