"RecordType","Month","MonthDate","Cost","Currency","Summary.HasData","Summary.ScopeKind","Summary.TenantId","Summary.QueryScope","Summary.SelectedSubscriptionCount","Summary.SubscriptionsWithData","Summary.CoverageIncomplete","Summary.CostBasis","Summary.CostPeriodStartUtc","Summary.CostPeriodEndUtc","Summary.Note","SubscriptionId","Key","Value"
"Months","Apr 2026","2026-04-01T00:00:00.0000000Z","227983.12","USD","True","Selected subscriptions","11111111-1111-1111-1111-111111111111","Selected subscription demo scope","6","6","False","ActualCost","2026-04-01T00:00:00.0000000Z","2026-10-03T00:37:29.0000000Z","Synthetic demo trend data for presentation harness.",,,
"Months","May 2026","2026-05-01T00:00:00.0000000Z","236128.8","USD","True","Selected subscriptions","11111111-1111-1111-1111-111111111111","Selected subscription demo scope","6","6","False","ActualCost","2026-04-01T00:00:00.0000000Z","2026-10-03T00:37:29.0000000Z","Synthetic demo trend data for presentation harness.",,,
"Months","Jun 2026","2026-06-01T00:00:00.0000000Z","247167.44","USD","True","Selected subscriptions","11111111-1111-1111-1111-111111111111","Selected subscription demo scope","6","6","False","ActualCost","2026-04-01T00:00:00.0000000Z","2026-10-03T00:37:29.0000000Z","Synthetic demo trend data for presentation harness.",,,
"Months","Jul 2026","2026-07-01T00:00:00.0000000Z","258403.91","USD","True","Selected subscriptions","11111111-1111-1111-1111-111111111111","Selected subscription demo scope","6","6","False","ActualCost","2026-04-01T00:00:00.0000000Z","2026-10-03T00:37:29.0000000Z","Synthetic demo trend data for presentation harness.",,,
"Months","Aug 2026","2026-08-01T00:00:00.0000000Z","270874.84","USD","True","Selected subscriptions","11111111-1111-1111-1111-111111111111","Selected subscription demo scope","6","6","False","ActualCost","2026-04-01T00:00:00.0000000Z","2026-10-03T00:37:29.0000000Z","Synthetic demo trend data for presentation harness.",,,
"Months","Sep 2026","2026-09-01T00:00:00.0000000Z","278315.54","USD","True","Selected subscriptions","11111111-1111-1111-1111-111111111111","Selected subscription demo scope","6","6","False","ActualCost","2026-04-01T00:00:00.0000000Z","2026-10-03T00:37:29.0000000Z","Synthetic demo trend data for presentation harness.",,,
"Months","Oct 2026","2026-10-01T00:00:00.0000000Z","284716.54","USD","True","Selected subscriptions","11111111-1111-1111-1111-111111111111","Selected subscription demo scope","6","6","False","ActualCost","2026-04-01T00:00:00.0000000Z","2026-10-03T00:37:29.0000000Z","Synthetic demo trend data for presentation harness.",,,
"BySubscription","Apr 2026","2026-04-01T00:00:00.0000000Z","55210.34","USD","True","Selected subscriptions","11111111-1111-1111-1111-111111111111","Selected subscription demo scope","6","6","False","ActualCost","2026-04-01T00:00:00.0000000Z","2026-10-03T00:37:29.0000000Z","Synthetic demo trend data for presentation harness.","aaaaaaaa-0002-4a1a-8a1a-000000000002",,
"BySubscription","May 2026","2026-05-01T00:00:00.0000000Z","57145.19","USD","True","Selected subscriptions","11111111-1111-1111-1111-111111111111","Selected subscription demo scope","6","6","False","ActualCost","2026-04-01T00:00:00.0000000Z","2026-10-03T00:37:29.0000000Z","Synthetic demo trend data for presentation harness.","aaaaaaaa-0002-4a1a-8a1a-000000000002",,
"BySubscription","Jun 2026","2026-06-01T00:00:00.0000000Z","59684.27","USD","True","Selected subscriptions","11111111-1111-1111-1111-111111111111","Selected subscription demo scope","6","6","False","ActualCost","2026-04-01T00:00:00.0000000Z","2026-10-03T00:37:29.0000000Z","Synthetic demo trend data for presentation harness.","aaaaaaaa-0002-4a1a-8a1a-000000000002",,
"BySubscription","Jul 2026","2026-07-01T00:00:00.0000000Z","62109.83","USD","True","Selected subscriptions","11111111-1111-1111-1111-111111111111","Selected subscription demo scope","6","6","False","ActualCost","2026-04-01T00:00:00.0000000Z","2026-10-03T00:37:29.0000000Z","Synthetic demo trend data for presentation harness.","aaaaaaaa-0002-4a1a-8a1a-000000000002",,
"BySubscription","Aug 2026","2026-08-01T00:00:00.0000000Z","64955.61","USD","True","Selected subscriptions","11111111-1111-1111-1111-111111111111","Selected subscription demo scope","6","6","False","ActualCost","2026-04-01T00:00:00.0000000Z","2026-10-03T00:37:29.0000000Z","Synthetic demo trend data for presentation harness.","aaaaaaaa-0002-4a1a-8a1a-000000000002",,
"BySubscription","Sep 2026","2026-09-01T00:00:00.0000000Z","66848.72","USD","True","Selected subscriptions","11111111-1111-1111-1111-111111111111","Selected subscription demo scope","6","6","False","ActualCost","2026-04-01T00:00:00.0000000Z","2026-10-03T00:37:29.0000000Z","Synthetic demo trend data for presentation harness.","aaaaaaaa-0002-4a1a-8a1a-000000000002",,
"BySubscription","Oct 2026","2026-10-01T00:00:00.0000000Z","68214.1","USD","True","Selected subscriptions","11111111-1111-1111-1111-111111111111","Selected subscription demo scope","6","6","False","ActualCost","2026-04-01T00:00:00.0000000Z","2026-10-03T00:37:29.0000000Z","Synthetic demo trend data for presentation harness.","aaaaaaaa-0002-4a1a-8a1a-000000000002",,
"BySubscription","Apr 2026","2026-04-01T00:00:00.0000000Z","30985.44","USD","True","Selected subscriptions","11111111-1111-1111-1111-111111111111","Selected subscription demo scope","6","6","False","ActualCost","2026-04-01T00:00:00.0000000Z","2026-10-03T00:37:29.0000000Z","Synthetic demo trend data for presentation harness.","aaaaaaaa-0003-4a1a-8a1a-000000000003",,
"BySubscription","May 2026","2026-05-01T00:00:00.0000000Z","32410.98","USD","True","Selected subscriptions","11111111-1111-1111-1111-111111111111","Selected subscription demo scope","6","6","False","ActualCost","2026-04-01T00:00:00.0000000Z","2026-10-03T00:37:29.0000000Z","Synthetic demo trend data for presentation harness.","aaaaaaaa-0003-4a1a-8a1a-000000000003",,
"BySubscription","Jun 2026","2026-06-01T00:00:00.0000000Z","34602.12","USD","True","Selected subscriptions","11111111-1111-1111-1111-111111111111","Selected subscription demo scope","6","6","False","ActualCost","2026-04-01T00:00:00.0000000Z","2026-10-03T00:37:29.0000000Z","Synthetic demo trend data for presentation harness.","aaaaaaaa-0003-4a1a-8a1a-000000000003",,
"BySubscription","Jul 2026","2026-07-01T00:00:00.0000000Z","36548.77","USD","True","Selected subscriptions","11111111-1111-1111-1111-111111111111","Selected subscription demo scope","6","6","False","ActualCost","2026-04-01T00:00:00.0000000Z","2026-10-03T00:37:29.0000000Z","Synthetic demo trend data for presentation harness.","aaaaaaaa-0003-4a1a-8a1a-000000000003",,
"BySubscription","Aug 2026","2026-08-01T00:00:00.0000000Z","38955.04","USD","True","Selected subscriptions","11111111-1111-1111-1111-111111111111","Selected subscription demo scope","6","6","False","ActualCost","2026-04-01T00:00:00.0000000Z","2026-10-03T00:37:29.0000000Z","Synthetic demo trend data for presentation harness.","aaaaaaaa-0003-4a1a-8a1a-000000000003",,
"BySubscription","Sep 2026","2026-09-01T00:00:00.0000000Z","40588.63","USD","True","Selected subscriptions","11111111-1111-1111-1111-111111111111","Selected subscription demo scope","6","6","False","ActualCost","2026-04-01T00:00:00.0000000Z","2026-10-03T00:37:29.0000000Z","Synthetic demo trend data for presentation harness.","aaaaaaaa-0003-4a1a-8a1a-000000000003",,
"BySubscription","Oct 2026","2026-10-01T00:00:00.0000000Z","41760.32","USD","True","Selected subscriptions","11111111-1111-1111-1111-111111111111","Selected subscription demo scope","6","6","False","ActualCost","2026-04-01T00:00:00.0000000Z","2026-10-03T00:37:29.0000000Z","Synthetic demo trend data for presentation harness.","aaaaaaaa-0003-4a1a-8a1a-000000000003",,
"BySubscription","Apr 2026","2026-04-01T00:00:00.0000000Z","5288.75","USD","True","Selected subscriptions","11111111-1111-1111-1111-111111111111","Selected subscription demo scope","6","6","False","ActualCost","2026-04-01T00:00:00.0000000Z","2026-10-03T00:37:29.0000000Z","Synthetic demo trend data for presentation harness.","aaaaaaaa-0005-4a1a-8a1a-000000000005",,
"BySubscription","May 2026","2026-05-01T00:00:00.0000000Z","5665.91","USD","True","Selected subscriptions","11111111-1111-1111-1111-111111111111","Selected subscription demo scope","6","6","False","ActualCost","2026-04-01T00:00:00.0000000Z","2026-10-03T00:37:29.0000000Z","Synthetic demo trend data for presentation harness.","aaaaaaaa-0005-4a1a-8a1a-000000000005",,
"BySubscription","Jun 2026","2026-06-01T00:00:00.0000000Z","6184.39","USD","True","Selected subscriptions","11111111-1111-1111-1111-111111111111","Selected subscription demo scope","6","6","False","ActualCost","2026-04-01T00:00:00.0000000Z","2026-10-03T00:37:29.0000000Z","Synthetic demo trend data for presentation harness.","aaaaaaaa-0005-4a1a-8a1a-000000000005",,
"BySubscription","Jul 2026","2026-07-01T00:00:00.0000000Z","6714.88","USD","True","Selected subscriptions","11111111-1111-1111-1111-111111111111","Selected subscription demo scope","6","6","False","ActualCost","2026-04-01T00:00:00.0000000Z","2026-10-03T00:37:29.0000000Z","Synthetic demo trend data for presentation harness.","aaaaaaaa-0005-4a1a-8a1a-000000000005",,
"BySubscription","Aug 2026","2026-08-01T00:00:00.0000000Z","7129.15","USD","True","Selected subscriptions","11111111-1111-1111-1111-111111111111","Selected subscription demo scope","6","6","False","ActualCost","2026-04-01T00:00:00.0000000Z","2026-10-03T00:37:29.0000000Z","Synthetic demo trend data for presentation harness.","aaaaaaaa-0005-4a1a-8a1a-000000000005",,
"BySubscription","Sep 2026","2026-09-01T00:00:00.0000000Z","7360.46","USD","True","Selected subscriptions","11111111-1111-1111-1111-111111111111","Selected subscription demo scope","6","6","False","ActualCost","2026-04-01T00:00:00.0000000Z","2026-10-03T00:37:29.0000000Z","Synthetic demo trend data for presentation harness.","aaaaaaaa-0005-4a1a-8a1a-000000000005",,
"BySubscription","Oct 2026","2026-10-01T00:00:00.0000000Z","7640.18","USD","True","Selected subscriptions","11111111-1111-1111-1111-111111111111","Selected subscription demo scope","6","6","False","ActualCost","2026-04-01T00:00:00.0000000Z","2026-10-03T00:37:29.0000000Z","Synthetic demo trend data for presentation harness.","aaaaaaaa-0005-4a1a-8a1a-000000000005",,
"BySubscription","Apr 2026","2026-04-01T00:00:00.0000000Z","1188.29","USD","True","Selected subscriptions","11111111-1111-1111-1111-111111111111","Selected subscription demo scope","6","6","False","ActualCost","2026-04-01T00:00:00.0000000Z","2026-10-03T00:37:29.0000000Z","Synthetic demo trend data for presentation harness.","aaaaaaaa-0006-4a1a-8a1a-000000000006",,
"BySubscription","May 2026","2026-05-01T00:00:00.0000000Z","1295.46","USD","True","Selected subscriptions","11111111-1111-1111-1111-111111111111","Selected subscription demo scope","6","6","False","ActualCost","2026-04-01T00:00:00.0000000Z","2026-10-03T00:37:29.0000000Z","Synthetic demo trend data for presentation harness.","aaaaaaaa-0006-4a1a-8a1a-000000000006",,
"BySubscription","Jun 2026","2026-06-01T00:00:00.0000000Z","1412.88","USD","True","Selected subscriptions","11111111-1111-1111-1111-111111111111","Selected subscription demo scope","6","6","False","ActualCost","2026-04-01T00:00:00.0000000Z","2026-10-03T00:37:29.0000000Z","Synthetic demo trend data for presentation harness.","aaaaaaaa-0006-4a1a-8a1a-000000000006",,
"BySubscription","Jul 2026","2026-07-01T00:00:00.0000000Z","1566.43","USD","True","Selected subscriptions","11111111-1111-1111-1111-111111111111","Selected subscription demo scope","6","6","False","ActualCost","2026-04-01T00:00:00.0000000Z","2026-10-03T00:37:29.0000000Z","Synthetic demo trend data for presentation harness.","aaaaaaaa-0006-4a1a-8a1a-000000000006",,
"BySubscription","Aug 2026","2026-08-01T00:00:00.0000000Z","1688.35","USD","True","Selected subscriptions","11111111-1111-1111-1111-111111111111","Selected subscription demo scope","6","6","False","ActualCost","2026-04-01T00:00:00.0000000Z","2026-10-03T00:37:29.0000000Z","Synthetic demo trend data for presentation harness.","aaaaaaaa-0006-4a1a-8a1a-000000000006",,
"BySubscription","Sep 2026","2026-09-01T00:00:00.0000000Z","1759.14","USD","True","Selected subscriptions","11111111-1111-1111-1111-111111111111","Selected subscription demo scope","6","6","False","ActualCost","2026-04-01T00:00:00.0000000Z","2026-10-03T00:37:29.0000000Z","Synthetic demo trend data for presentation harness.","aaaaaaaa-0006-4a1a-8a1a-000000000006",,
"BySubscription","Oct 2026","2026-10-01T00:00:00.0000000Z","1815.92","USD","True","Selected subscriptions","11111111-1111-1111-1111-111111111111","Selected subscription demo scope","6","6","False","ActualCost","2026-04-01T00:00:00.0000000Z","2026-10-03T00:37:29.0000000Z","Synthetic demo trend data for presentation harness.","aaaaaaaa-0006-4a1a-8a1a-000000000006",,
"BySubscription","Apr 2026","2026-04-01T00:00:00.0000000Z","118420.18","USD","True","Selected subscriptions","11111111-1111-1111-1111-111111111111","Selected subscription demo scope","6","6","False","ActualCost","2026-04-01T00:00:00.0000000Z","2026-10-03T00:37:29.0000000Z","Synthetic demo trend data for presentation harness.","aaaaaaaa-0001-4a1a-8a1a-000000000001",,
"BySubscription","May 2026","2026-05-01T00:00:00.0000000Z","121955.42","USD","True","Selected subscriptions","11111111-1111-1111-1111-111111111111","Selected subscription demo scope","6","6","False","ActualCost","2026-04-01T00:00:00.0000000Z","2026-10-03T00:37:29.0000000Z","Synthetic demo trend data for presentation harness.","aaaaaaaa-0001-4a1a-8a1a-000000000001",,
"BySubscription","Jun 2026","2026-06-01T00:00:00.0000000Z","126440.87","USD","True","Selected subscriptions","11111111-1111-1111-1111-111111111111","Selected subscription demo scope","6","6","False","ActualCost","2026-04-01T00:00:00.0000000Z","2026-10-03T00:37:29.0000000Z","Synthetic demo trend data for presentation harness.","aaaaaaaa-0001-4a1a-8a1a-000000000001",,
"BySubscription","Jul 2026","2026-07-01T00:00:00.0000000Z","131285.66","USD","True","Selected subscriptions","11111111-1111-1111-1111-111111111111","Selected subscription demo scope","6","6","False","ActualCost","2026-04-01T00:00:00.0000000Z","2026-10-03T00:37:29.0000000Z","Synthetic demo trend data for presentation harness.","aaaaaaaa-0001-4a1a-8a1a-000000000001",,
"BySubscription","Aug 2026","2026-08-01T00:00:00.0000000Z","136902.14","USD","True","Selected subscriptions","11111111-1111-1111-1111-111111111111","Selected subscription demo scope","6","6","False","ActualCost","2026-04-01T00:00:00.0000000Z","2026-10-03T00:37:29.0000000Z","Synthetic demo trend data for presentation harness.","aaaaaaaa-0001-4a1a-8a1a-000000000001",,
"BySubscription","Sep 2026","2026-09-01T00:00:00.0000000Z","139744.31","USD","True","Selected subscriptions","11111111-1111-1111-1111-111111111111","Selected subscription demo scope","6","6","False","ActualCost","2026-04-01T00:00:00.0000000Z","2026-10-03T00:37:29.0000000Z","Synthetic demo trend data for presentation harness.","aaaaaaaa-0001-4a1a-8a1a-000000000001",,
"BySubscription","Oct 2026","2026-10-01T00:00:00.0000000Z","142380.55","USD","True","Selected subscriptions","11111111-1111-1111-1111-111111111111","Selected subscription demo scope","6","6","False","ActualCost","2026-04-01T00:00:00.0000000Z","2026-10-03T00:37:29.0000000Z","Synthetic demo trend data for presentation harness.","aaaaaaaa-0001-4a1a-8a1a-000000000001",,
"BySubscription","Apr 2026","2026-04-01T00:00:00.0000000Z","16890.12","USD","True","Selected subscriptions","11111111-1111-1111-1111-111111111111","Selected subscription demo scope","6","6","False","ActualCost","2026-04-01T00:00:00.0000000Z","2026-10-03T00:37:29.0000000Z","Synthetic demo trend data for presentation harness.","aaaaaaaa-0004-4a1a-8a1a-000000000004",,
"BySubscription","May 2026","2026-05-01T00:00:00.0000000Z","17655.84","USD","True","Selected subscriptions","11111111-1111-1111-1111-111111111111","Selected subscription demo scope","6","6","False","ActualCost","2026-04-01T00:00:00.0000000Z","2026-10-03T00:37:29.0000000Z","Synthetic demo trend data for presentation harness.","aaaaaaaa-0004-4a1a-8a1a-000000000004",,
"BySubscription","Jun 2026","2026-06-01T00:00:00.0000000Z","18842.91","USD","True","Selected subscriptions","11111111-1111-1111-1111-111111111111","Selected subscription demo scope","6","6","False","ActualCost","2026-04-01T00:00:00.0000000Z","2026-10-03T00:37:29.0000000Z","Synthetic demo trend data for presentation harness.","aaaaaaaa-0004-4a1a-8a1a-000000000004",,
"BySubscription","Jul 2026","2026-07-01T00:00:00.0000000Z","20178.34","USD","True","Selected subscriptions","11111111-1111-1111-1111-111111111111","Selected subscription demo scope","6","6","False","ActualCost","2026-04-01T00:00:00.0000000Z","2026-10-03T00:37:29.0000000Z","Synthetic demo trend data for presentation harness.","aaaaaaaa-0004-4a1a-8a1a-000000000004",,
"BySubscription","Aug 2026","2026-08-01T00:00:00.0000000Z","21244.55","USD","True","Selected subscriptions","11111111-1111-1111-1111-111111111111","Selected subscription demo scope","6","6","False","ActualCost","2026-04-01T00:00:00.0000000Z","2026-10-03T00:37:29.0000000Z","Synthetic demo trend data for presentation harness.","aaaaaaaa-0004-4a1a-8a1a-000000000004",,
"BySubscription","Sep 2026","2026-09-01T00:00:00.0000000Z","22014.28","USD","True","Selected subscriptions","11111111-1111-1111-1111-111111111111","Selected subscription demo scope","6","6","False","ActualCost","2026-04-01T00:00:00.0000000Z","2026-10-03T00:37:29.0000000Z","Synthetic demo trend data for presentation harness.","aaaaaaaa-0004-4a1a-8a1a-000000000004",,
"BySubscription","Oct 2026","2026-10-01T00:00:00.0000000Z","22905.47","USD","True","Selected subscriptions","11111111-1111-1111-1111-111111111111","Selected subscription demo scope","6","6","False","ActualCost","2026-04-01T00:00:00.0000000Z","2026-10-03T00:37:29.0000000Z","Synthetic demo trend data for presentation harness.","aaaaaaaa-0004-4a1a-8a1a-000000000004",,
"Summary.SubscriptionNames",,,,,"True","Selected subscriptions","11111111-1111-1111-1111-111111111111","Selected subscription demo scope","6","6","False","ActualCost","2026-04-01T00:00:00.0000000Z","2026-10-03T00:37:29.0000000Z","Synthetic demo trend data for presentation harness.",,"aaaaaaaa-0002-4a1a-8a1a-000000000002","Contoso-Production-WestEurope"
"Summary.SubscriptionNames",,,,,"True","Selected subscriptions","11111111-1111-1111-1111-111111111111","Selected subscription demo scope","6","6","False","ActualCost","2026-04-01T00:00:00.0000000Z","2026-10-03T00:37:29.0000000Z","Synthetic demo trend data for presentation harness.",,"aaaaaaaa-0003-4a1a-8a1a-000000000003","Contoso-Analytics-Prod"
"Summary.SubscriptionNames",,,,,"True","Selected subscriptions","11111111-1111-1111-1111-111111111111","Selected subscription demo scope","6","6","False","ActualCost","2026-04-01T00:00:00.0000000Z","2026-10-03T00:37:29.0000000Z","Synthetic demo trend data for presentation harness.",,"aaaaaaaa-0005-4a1a-8a1a-000000000005","Contoso-Dev-Test"
"Summary.SubscriptionNames",,,,,"True","Selected subscriptions","11111111-1111-1111-1111-111111111111","Selected subscription demo scope","6","6","False","ActualCost","2026-04-01T00:00:00.0000000Z","2026-10-03T00:37:29.0000000Z","Synthetic demo trend data for presentation harness.",,"aaaaaaaa-0006-4a1a-8a1a-000000000006","Contoso-Sandbox"
"Summary.SubscriptionNames",,,,,"True","Selected subscriptions","11111111-1111-1111-1111-111111111111","Selected subscription demo scope","6","6","False","ActualCost","2026-04-01T00:00:00.0000000Z","2026-10-03T00:37:29.0000000Z","Synthetic demo trend data for presentation harness.",,"aaaaaaaa-0001-4a1a-8a1a-000000000001","Contoso-Production-EastUS"
"Summary.SubscriptionNames",,,,,"True","Selected subscriptions","11111111-1111-1111-1111-111111111111","Selected subscription demo scope","6","6","False","ActualCost","2026-04-01T00:00:00.0000000Z","2026-10-03T00:37:29.0000000Z","Synthetic demo trend data for presentation harness.",,"aaaaaaaa-0004-4a1a-8a1a-000000000004","Contoso-Shared-Services"
