"RecordType","AssignmentName","AssignmentId","PolicyDefId","Scope","Effect","EnforcementMode","Origin","Subscription","Description","ScopeDisplayName","Summary.AssignmentCount","Summary.CoverageIncomplete","Summary.DefinitionCoverageIncomplete","Summary.Note","Summary.ComplianceCoverageIncomplete","Summary.CompliancePct","Summary.TotalCompliant","Summary.TotalNonCompliant","Summary.TotalEvaluated","Summary.HasComplianceData","Key","SubscriptionId","TotalResources","NonCompliant","Compliant","PolicyCount"
"Assignments","Require CostCenter on resources","/subscriptions/aaaaaaaa-0001-4a1a-8a1a-000000000001/providers/Microsoft.Authorization/policyAssignments/require-costcenter-eastus","/providers/Microsoft.Authorization/policyDefinitions/726aca4c-86e9-4b04-b0c5-073027359532","/subscriptions/aaaaaaaa-0001-4a1a-8a1a-000000000001","Deny","Default","BuiltIn","Contoso-Production-EastUS","Blocks new resources in production unless CostCenter is populated.","Contoso-Production-EastUS","10","False","False","Synthetic demo harness data - complete for the selected presentation subscriptions.","False","82","1605","352","1957","True",,,,,,
"Assignments","Storage accounts should be limited by allowed SKUs","/subscriptions/aaaaaaaa-0001-4a1a-8a1a-000000000001/providers/Microsoft.Authorization/policyAssignments/allowed-storage-skus-eastus","/providers/Microsoft.Authorization/policyDefinitions/7433c107-6db4-4ad1-b57a-a76dce0154a1","/subscriptions/aaaaaaaa-0001-4a1a-8a1a-000000000001","Deny","Default","BuiltIn","Contoso-Production-EastUS","Constrains new storage accounts to Standard_LRS, Standard_GRS, and Standard_ZRS.","Contoso-Production-EastUS","10","False","False","Synthetic demo harness data - complete for the selected presentation subscriptions.","False","82","1605","352","1957","True",,,,,,
"Assignments","Allowed locations","/subscriptions/aaaaaaaa-0002-4a1a-8a1a-000000000002/providers/Microsoft.Authorization/policyAssignments/allowed-locations-weu","/providers/Microsoft.Authorization/policyDefinitions/e56962a6-4747-49cd-b67b-bf8b01975c4c","/subscriptions/aaaaaaaa-0002-4a1a-8a1a-000000000002","Deny","Default","BuiltIn","Contoso-Production-WestEurope","Restricts deployment to approved European production regions.","Contoso-Production-WestEurope","10","False","False","Synthetic demo harness data - complete for the selected presentation subscriptions.","False","82","1605","352","1957","True",,,,,,
"Assignments","Audit diagnostic setting","/subscriptions/aaaaaaaa-0003-4a1a-8a1a-000000000003/providers/Microsoft.Authorization/policyAssignments/audit-diag-analytics","/providers/Microsoft.Authorization/policyDefinitions/7f89b1eb-583c-429a-8828-af049802c1d9","/subscriptions/aaaaaaaa-0003-4a1a-8a1a-000000000003","AuditIfNotExists","Default","BuiltIn","Contoso-Analytics-Prod","Audits whether analytics resources emit logs to the central workspace.","Contoso-Analytics-Prod","10","False","False","Synthetic demo harness data - complete for the selected presentation subscriptions.","False","82","1605","352","1957","True",,,,,,
"Assignments","Azure Security Benchmark","/providers/Microsoft.Management/managementGroups/contoso-platform/providers/Microsoft.Authorization/policyAssignments/asb-shared-services","/providers/Microsoft.Management/managementGroups/contoso-platform/providers/Microsoft.Authorization/policySetDefinitions/azure-security-benchmark","/providers/Microsoft.Management/managementGroups/contoso-platform","Varies (Initiative)","Default","Initiative","Contoso Platform (MG)","Foundational security initiative inherited into shared services and production estates.","Contoso Platform","10","False","False","Synthetic demo harness data - complete for the selected presentation subscriptions.","False","82","1605","352","1957","True",,,,,,
"Assignments","Contoso FinOps baseline","/providers/Microsoft.Management/managementGroups/contoso-corp/providers/Microsoft.Authorization/policyAssignments/finops-baseline-mg","/providers/Microsoft.Management/managementGroups/contoso-corp/providers/Microsoft.Authorization/policySetDefinitions/contoso-finops-baseline","/providers/Microsoft.Management/managementGroups/contoso-corp","Varies (Initiative)","Default","Initiative","Contoso Corp (MG)","Bundles budget, monitoring, and tag-related governance policies for enterprise consistency.","Contoso Corp","10","False","False","Synthetic demo harness data - complete for the selected presentation subscriptions.","False","82","1605","352","1957","True",,,,,,
"Assignments","Azure Backup should be enabled for Virtual Machines","/subscriptions/aaaaaaaa-0004-4a1a-8a1a-000000000004/providers/Microsoft.Authorization/policyAssignments/backup-vms-shared","/providers/Microsoft.Authorization/policyDefinitions/013e242c-8828-4970-87b3-ab247555486d","/subscriptions/aaaaaaaa-0004-4a1a-8a1a-000000000004","AuditIfNotExists","Default","BuiltIn","Contoso-Shared-Services","Flags platform VMs missing a protected recovery services vault.","Contoso-Shared-Services","10","False","False","Synthetic demo harness data - complete for the selected presentation subscriptions.","False","82","1605","352","1957","True",,,,,,
"Assignments","Allowed virtual machine size SKUs","/subscriptions/aaaaaaaa-0005-4a1a-8a1a-000000000005/providers/Microsoft.Authorization/policyAssignments/allowed-vm-skus-devtest","/providers/Microsoft.Authorization/policyDefinitions/cccc23c7-8427-4f53-ad12-b6a63eb452b3","/subscriptions/aaaaaaaa-0005-4a1a-8a1a-000000000005","Deny","DoNotEnforce","BuiltIn","Contoso-Dev-Test","Advisory today - will be enforced after the next dev/test rightsizing sprint.","Contoso-Dev-Test","10","False","False","Synthetic demo harness data - complete for the selected presentation subscriptions.","False","82","1605","352","1957","True",,,,,,
"Assignments","Inherit a tag from the subscription if missing","/subscriptions/aaaaaaaa-0006-4a1a-8a1a-000000000006/providers/Microsoft.Authorization/policyAssignments/inherit-businessunit-sandbox","/providers/Microsoft.Authorization/policyDefinitions/40df99da-1232-49b1-a39a-6da8d878f469","/subscriptions/aaaaaaaa-0006-4a1a-8a1a-000000000006","Modify","Default","BuiltIn","Contoso-Sandbox","Stamps sandbox resources with the parent BusinessUnit tag for lightweight showback.","Contoso-Sandbox","10","False","False","Synthetic demo harness data - complete for the selected presentation subscriptions.","False","82","1605","352","1957","True",,,,,,
"Assignments","Not allowed resource types","/subscriptions/aaaaaaaa-0006-4a1a-8a1a-000000000006/providers/Microsoft.Authorization/policyAssignments/block-expensive-resource-types-sandbox","/providers/Microsoft.Authorization/policyDefinitions/6c112d4e-5bc7-47ae-a041-ea2d9dccd749","/subscriptions/aaaaaaaa-0006-4a1a-8a1a-000000000006","Deny","Default","BuiltIn","Contoso-Sandbox","Blocks HDInsight, Synapse dedicated pools, and other high-cost SKUs in sandbox.","Contoso-Sandbox","10","False","False","Synthetic demo harness data - complete for the selected presentation subscriptions.","False","82","1605","352","1957","True",,,,,,
"ComplianceBySubMap",,,,,,,,"Contoso-Production-WestEurope",,,"10","False","False","Synthetic demo harness data - complete for the selected presentation subscriptions.","False","82","1605","352","1957","True","aaaaaaaa-0002-4a1a-8a1a-000000000002","aaaaaaaa-0002-4a1a-8a1a-000000000002","394","76","318","7"
"ComplianceBySubMap",,,,,,,,"Contoso-Analytics-Prod",,,"10","False","False","Synthetic demo harness data - complete for the selected presentation subscriptions.","False","82","1605","352","1957","True","aaaaaaaa-0003-4a1a-8a1a-000000000003","aaaaaaaa-0003-4a1a-8a1a-000000000003","304","63","241","6"
"ComplianceBySubMap",,,,,,,,"Contoso-Dev-Test",,,"10","False","False","Synthetic demo harness data - complete for the selected presentation subscriptions.","False","82","1605","352","1957","True","aaaaaaaa-0005-4a1a-8a1a-000000000005","aaaaaaaa-0005-4a1a-8a1a-000000000005","194","31","163","4"
"ComplianceBySubMap",,,,,,,,"Contoso-Sandbox",,,"10","False","False","Synthetic demo harness data - complete for the selected presentation subscriptions.","False","82","1605","352","1957","True","aaaaaaaa-0006-4a1a-8a1a-000000000006","aaaaaaaa-0006-4a1a-8a1a-000000000006","67","13","54","3"
"ComplianceBySubMap",,,,,,,,"Contoso-Production-EastUS",,,"10","False","False","Synthetic demo harness data - complete for the selected presentation subscriptions.","False","82","1605","352","1957","True","aaaaaaaa-0001-4a1a-8a1a-000000000001","aaaaaaaa-0001-4a1a-8a1a-000000000001","638","118","520","9"
"ComplianceBySubMap",,,,,,,,"Contoso-Shared-Services",,,"10","False","False","Synthetic demo harness data - complete for the selected presentation subscriptions.","False","82","1605","352","1957","True","aaaaaaaa-0004-4a1a-8a1a-000000000004","aaaaaaaa-0004-4a1a-8a1a-000000000004","360","51","309","8"
