"RecordType","TagKey","TagValue","Cost","Currency","Summary.NoTagsFound","Summary.UsedTimeframe","Summary.Currency","Summary.CoverageIncomplete","Summary.ScannedSubs","Summary.TotalSubs","Summary.Note","Summary.AllocatedCost","Summary.UnallocatedCost","Summary.ResourceCostSeen","Value"
"CostByTag","CostCenter","CC-3390-Engineering","96400","USD","False","MonthToDate","USD","False","6","6","","179592.12","91608.06","271200.18",
"CostByTag","CostCenter","CC-2201-DataPlatform","62300.5","USD","False","MonthToDate","USD","False","6","6","","179592.12","91608.06","271200.18",
"CostByTag","CostCenter","CC-1042-Marketing","48900.2","USD","False","MonthToDate","USD","False","6","6","","179592.12","91608.06","271200.18",
"CostByTag","CostCenter","(untagged)","41608.06","USD","False","MonthToDate","USD","False","6","6","","179592.12","91608.06","271200.18",
"CostByTag","CostCenter","CC-9999-Shared","21991.42","USD","False","MonthToDate","USD","False","6","6","","179592.12","91608.06","271200.18",
"CostByTag","BusinessUnit","Platform","118500.3","USD","False","MonthToDate","USD","False","6","6","","179592.12","91608.06","271200.18",
"CostByTag","BusinessUnit","Retail","74200.1","USD","False","MonthToDate","USD","False","6","6","","179592.12","91608.06","271200.18",
"CostByTag","BusinessUnit","(untagged)","41608.06","USD","False","MonthToDate","USD","False","6","6","","179592.12","91608.06","271200.18",
"CostByTag","BusinessUnit","Finance","36891.72","USD","False","MonthToDate","USD","False","6","6","","179592.12","91608.06","271200.18",
"CostByTag","ApplicationName","(untagged)","80008.06","USD","False","MonthToDate","USD","False","6","6","","179592.12","91608.06","271200.18",
"CostByTag","ApplicationName","analytics-pipeline","58400","USD","False","MonthToDate","USD","False","6","6","","179592.12","91608.06","271200.18",
"CostByTag","ApplicationName","billing-service","51200.4","USD","False","MonthToDate","USD","False","6","6","","179592.12","91608.06","271200.18",
"CostByTag","ApplicationName","inventory-api","42600.22","USD","False","MonthToDate","USD","False","6","6","","179592.12","91608.06","271200.18",
"CostByTag","ApplicationName","checkout-web","38991.5","USD","False","MonthToDate","USD","False","6","6","","179592.12","91608.06","271200.18",
"CostByTag","WorkloadName","ecommerce-core","102400","USD","False","MonthToDate","USD","False","6","6","","179592.12","91608.06","271200.18",
"CostByTag","WorkloadName","data-platform","76800.5","USD","False","MonthToDate","USD","False","6","6","","179592.12","91608.06","271200.18",
"CostByTag","WorkloadName","(untagged)","72008.06","USD","False","MonthToDate","USD","False","6","6","","179592.12","91608.06","271200.18",
"CostByTag","WorkloadName","shared-infra","19991.62","USD","False","MonthToDate","USD","False","6","6","","179592.12","91608.06","271200.18",
"CostByTag","OpsTeam","platform-eng","89600","USD","False","MonthToDate","USD","False","6","6","","179592.12","91608.06","271200.18",
"CostByTag","OpsTeam","(untagged)","71408.06","USD","False","MonthToDate","USD","False","6","6","","179592.12","91608.06","271200.18",
"CostByTag","OpsTeam","data-eng","68200.4","USD","False","MonthToDate","USD","False","6","6","","179592.12","91608.06","271200.18",
"CostByTag","OpsTeam","sre","41991.72","USD","False","MonthToDate","USD","False","6","6","","179592.12","91608.06","271200.18",
"CostByTag","Criticality","Tier1-Critical","124800","USD","False","MonthToDate","USD","False","6","6","","179592.12","91608.06","271200.18",
"CostByTag","Criticality","Tier2-Important","98600.12","USD","False","MonthToDate","USD","False","6","6","","179592.12","91608.06","271200.18",
"CostByTag","Criticality","Tier3-Standard","26191.72","USD","False","MonthToDate","USD","False","6","6","","179592.12","91608.06","271200.18",
"CostByTag","Criticality","(untagged)","21608.34","USD","False","MonthToDate","USD","False","6","6","","179592.12","91608.06","271200.18",
"CostByTag","DataClassification","Internal","136800.12","USD","False","MonthToDate","USD","False","6","6","","179592.12","91608.06","271200.18",
"CostByTag","DataClassification","Confidential","112400","USD","False","MonthToDate","USD","False","6","6","","179592.12","91608.06","271200.18",
"CostByTag","DataClassification","Public","18000.06","USD","False","MonthToDate","USD","False","6","6","","179592.12","91608.06","271200.18",
"CostByTag","DataClassification","(untagged)","4000","USD","False","MonthToDate","USD","False","6","6","","179592.12","91608.06","271200.18",
"Summary.TagsQueried",,,,,"False","MonthToDate","USD","False","6","6","","179592.12","91608.06","271200.18","CostCenter"
"Summary.TagsQueried",,,,,"False","MonthToDate","USD","False","6","6","","179592.12","91608.06","271200.18","BusinessUnit"
"Summary.TagsQueried",,,,,"False","MonthToDate","USD","False","6","6","","179592.12","91608.06","271200.18","ApplicationName"
"Summary.TagsQueried",,,,,"False","MonthToDate","USD","False","6","6","","179592.12","91608.06","271200.18","WorkloadName"
"Summary.TagsQueried",,,,,"False","MonthToDate","USD","False","6","6","","179592.12","91608.06","271200.18","OpsTeam"
"Summary.TagsQueried",,,,,"False","MonthToDate","USD","False","6","6","","179592.12","91608.06","271200.18","Criticality"
"Summary.TagsQueried",,,,,"False","MonthToDate","USD","False","6","6","","179592.12","91608.06","271200.18","DataClassification"
"Summary.SuccessfulSubscriptionIds",,,,,"False","MonthToDate","USD","False","6","6","","179592.12","91608.06","271200.18","aaaaaaaa-0001-4a1a-8a1a-000000000001"
"Summary.SuccessfulSubscriptionIds",,,,,"False","MonthToDate","USD","False","6","6","","179592.12","91608.06","271200.18","aaaaaaaa-0002-4a1a-8a1a-000000000002"
"Summary.SuccessfulSubscriptionIds",,,,,"False","MonthToDate","USD","False","6","6","","179592.12","91608.06","271200.18","aaaaaaaa-0003-4a1a-8a1a-000000000003"
"Summary.SuccessfulSubscriptionIds",,,,,"False","MonthToDate","USD","False","6","6","","179592.12","91608.06","271200.18","aaaaaaaa-0004-4a1a-8a1a-000000000004"
"Summary.SuccessfulSubscriptionIds",,,,,"False","MonthToDate","USD","False","6","6","","179592.12","91608.06","271200.18","aaaaaaaa-0005-4a1a-8a1a-000000000005"
"Summary.SuccessfulSubscriptionIds",,,,,"False","MonthToDate","USD","False","6","6","","179592.12","91608.06","271200.18","aaaaaaaa-0006-4a1a-8a1a-000000000006"
"Summary.AllocationTags",,,,,"False","MonthToDate","USD","False","6","6","","179592.12","91608.06","271200.18","CostCenter"
"Summary.AllocationTags",,,,,"False","MonthToDate","USD","False","6","6","","179592.12","91608.06","271200.18","BusinessUnit"
"Summary.AllocationTags",,,,,"False","MonthToDate","USD","False","6","6","","179592.12","91608.06","271200.18","ApplicationName"
"Summary.AllocationTags",,,,,"False","MonthToDate","USD","False","6","6","","179592.12","91608.06","271200.18","WorkloadName"
"Summary.AllocationTags",,,,,"False","MonthToDate","USD","False","6","6","","179592.12","91608.06","271200.18","OpsTeam"
"Summary.AllocationTags",,,,,"False","MonthToDate","USD","False","6","6","","179592.12","91608.06","271200.18","Criticality"
"Summary.AllocationTags",,,,,"False","MonthToDate","USD","False","6","6","","179592.12","91608.06","271200.18","DataClassification"
