"RecordType","Subscription","SubscriptionId","AlertName","AlertLabel","RelatedTo","Description","AlertType","Category","Criteria","Status","Amount","CurrentSpend","Unit","Contacts","CreatedAt","Summary.CoverageIncomplete","Summary.Note","Summary.TotalAlerts","Summary.AnomalyAlertCount","Summary.ActiveAlertCount","Summary.BudgetAlertCount","Summary.ConfiguredRuleCount","Summary.HasData","RuleName","DisplayName","Scope","ToEmails","NextRunTime"
"TriggeredAlerts","Contoso-Production-EastUS","aaaaaaaa-0001-4a1a-8a1a-000000000001","demo-budget-eastus","Contoso-Production-EastUS monthly budget exceeded","Contoso-Production-EastUS-monthly-cost","Month-to-date spend is already above budget for the flagship production subscription.","Budget","Cost","Actual cost > 100% of budget","Active","120000","142380.55","USD","finops-team@contoso.com, platform-ops@contoso.com","2026-09-30","False","","6","4","5","2","6","True",,,,,
"TriggeredAlerts","Contoso-Production-WestEurope","aaaaaaaa-0002-4a1a-8a1a-000000000002","demo-forecast-weu","West Europe forecast over budget","Contoso-Production-WestEurope-monthly-cost","Forecast projects this subscription to exceed its monthly budget before month end.","BudgetForecast","Cost","Forecast cost > 100% of budget","Active","100000","68214.1","USD","finops-team@contoso.com","2026-09-28","False","","6","4","5","2","6","True",,,,,
"TriggeredAlerts","Contoso-Analytics-Prod","aaaaaaaa-0003-4a1a-8a1a-000000000003","demo-anomaly-analytics","Unexpected analytics compute spike","adf-spark-burst","A 46% week-over-week cost increase was detected after an expanded Spark backfill and oversized compute burst.","Anomaly","Cost","Spend anomaly detected versus expected baseline","Active","8125.44","41760.32","USD","data-platform@contoso.com, finops-team@contoso.com","2026-09-23","False","","6","4","5","2","6","True",,,,,
"TriggeredAlerts","Contoso-Shared-Services","aaaaaaaa-0004-4a1a-8a1a-000000000004","demo-anomaly-shared","Firewall egress spike normalized","shared-egress-cost","Shared services egress briefly spiked after patch distribution, then returned to baseline.","Anomaly","Cost","Short-duration spend anomaly detected","Resolved","1640.27","22905.47","USD","netops@contoso.com","2026-09-17","False","","6","4","5","2","6","True",,,,,
"TriggeredAlerts","Contoso-Dev-Test","aaaaaaaa-0005-4a1a-8a1a-000000000005","demo-anomaly-fallback","Synthetic spend anomaly","demo-cost-baseline","Demo harness anomaly to keep the presentation busy even for custom subscription selections.","Anomaly","Cost","Unexpected cost variance from baseline","Active","945","12650","USD","finops-team@contoso.com","2026-09-26","False","","6","4","5","2","6","True",,,,,
"TriggeredAlerts","Contoso-Sandbox","aaaaaaaa-0006-4a1a-8a1a-000000000006","demo-anomaly-fallback","Synthetic spend anomaly","demo-cost-baseline","Demo harness anomaly to keep the presentation busy even for custom subscription selections.","Anomaly","Cost","Unexpected cost variance from baseline","Active","945","12650","USD","finops-team@contoso.com","2026-09-26","False","","6","4","5","2","6","True",,,,,
"ConfiguredRules","Contoso-Production-EastUS","aaaaaaaa-0001-4a1a-8a1a-000000000001",,,,,,,,"Active",,,,,,"False","","6","4","5","2","6","True","demo-eastus-anomaly-rule","EastUS anomaly digest","/subscriptions/aaaaaaaa-0001-4a1a-8a1a-000000000001","finops-team@contoso.com; platform-ops@contoso.com","2026-10-03"
"ConfiguredRules","Contoso-Production-WestEurope","aaaaaaaa-0002-4a1a-8a1a-000000000002",,,,,,,,"Active",,,,,,"False","","6","4","5","2","6","True","demo-weu-budget-rule","West Europe forecast threshold","/subscriptions/aaaaaaaa-0002-4a1a-8a1a-000000000002","finops-team@contoso.com","2026-10-04"
"ConfiguredRules","Contoso-Analytics-Prod","aaaaaaaa-0003-4a1a-8a1a-000000000003",,,,,,,,"Active",,,,,,"False","","6","4","5","2","6","True","demo-analytics-anomaly-rule","Analytics anomaly watch","/subscriptions/aaaaaaaa-0003-4a1a-8a1a-000000000003","data-platform@contoso.com","2026-10-03"
"ConfiguredRules","Contoso-Shared-Services","aaaaaaaa-0004-4a1a-8a1a-000000000004",,,,,,,,"Active",,,,,,"False","","6","4","5","2","6","True","demo-fallback-rule","Synthetic anomaly rule","/subscriptions/aaaaaaaa-0004-4a1a-8a1a-000000000004","finops-team@contoso.com","2026-10-03"
"ConfiguredRules","Contoso-Dev-Test","aaaaaaaa-0005-4a1a-8a1a-000000000005",,,,,,,,"Active",,,,,,"False","","6","4","5","2","6","True","demo-fallback-rule","Synthetic anomaly rule","/subscriptions/aaaaaaaa-0005-4a1a-8a1a-000000000005","finops-team@contoso.com","2026-10-03"
"ConfiguredRules","Contoso-Sandbox","aaaaaaaa-0006-4a1a-8a1a-000000000006",,,,,,,,"Active",,,,,,"False","","6","4","5","2","6","True","demo-fallback-rule","Synthetic anomaly rule","/subscriptions/aaaaaaaa-0006-4a1a-8a1a-000000000006","finops-team@contoso.com","2026-10-03"
