"RecordType","StorageAccount","ResourceGroup","SubscriptionId","Location","CurrentTier","SKU","CapacityGB","Transactions30d","Recommendation","EstSavingsPct","Summary.TotalHotAccounts","Summary.Count","Summary.HasData","Summary.EvaluatedAccounts","Summary.MetricFailures"
"Recommendations","stprodeastus002","rg-prod-eastus-core","aaaaaaaa-0001-4a1a-8a1a-000000000001","eastus","Hot (default)","Standard_LRS","820","45","Cool","50","22","9","True","22","0"
"Recommendations","stprodeastus003","rg-prod-eastus-core","aaaaaaaa-0001-4a1a-8a1a-000000000001","eastus","Hot (default)","Standard_GRS","1450","0","Archive","90","22","9","True","22","0"
"Recommendations","stbackupeastus01","rg-prod-eastus-core","aaaaaaaa-0001-4a1a-8a1a-000000000001","eastus","Hot (default)","Standard_LRS","3200","12","Archive","90","22","9","True","22","0"
"Recommendations","stprodweu02","rg-prod-weu-app","aaaaaaaa-0002-4a1a-8a1a-000000000002","westeurope","Hot (default)","Standard_LRS","640","88","Cool","50","22","9","True","22","0"
"Recommendations","stlogsweu01","rg-prod-weu-net","aaaaaaaa-0002-4a1a-8a1a-000000000002","westeurope","Hot (default)","Standard_LRS","410","210","Cool","50","22","9","True","22","0"
"Recommendations","stanalyticsraw01","rg-analytics-data","aaaaaaaa-0003-4a1a-8a1a-000000000003","eastus2","Hot (default)","Standard_LRS","5200","760","Cool","50","22","9","True","22","0"
"Recommendations","stanalyticsarchive02","rg-analytics-data","aaaaaaaa-0003-4a1a-8a1a-000000000003","eastus2","Hot (default)","Standard_GRS","2100","3","Archive","90","22","9","True","22","0"
"Recommendations","stsharedlogs02","rg-shared-monitoring","aaaaaaaa-0004-4a1a-8a1a-000000000004","eastus","Hot (default)","Standard_LRS","310","150","Cool","50","22","9","True","22","0"
"Recommendations","stdevtest01","rg-dev-test","aaaaaaaa-0005-4a1a-8a1a-000000000005","eastus","Hot (default)","Standard_LRS","95","620","Cool","50","22","9","True","22","0"
