"RecordType","Subscription","SubscriptionId","Problem","Solution","Impact","Category","ResourceType","ResourceName","SKU","Region","Qty","AnnualSavings","Currency","Term","RecommendationId","DuplicateCount","Summary.TotalAdvisorCount","Summary.TotalReservationCount","Summary.EstimatedAnnualSavings","Summary.Currency","Summary.CostIssue","Summary.AccessDenied","Summary.Summary","RecommendedQty","CostWithoutRI","CostWithRI","NetSavings","Scope","LookBackPeriod","FlexGroup"
"AdvisorRecommendations","Contoso-Production-EastUS","aaaaaaaa-0001-4a1a-8a1a-000000000001","Several D8s v5 production VMs run steadily on pay-as-you-go compute.","Purchase a 1-year Compute Savings Plan sized to baseline production usage.","High","Reservation / Savings Plan","Microsoft.Compute/virtualMachines","Contoso-Production-EastUS (subscription-wide)","Any (flexible)","Any","Commitment","28680","USD","P1Y","demo-eastus-sp-01","1","7","6","76440","USD","","False","7 Advisor + 6 reservation recommendations",,,,,,,
"AdvisorRecommendations","Contoso-Production-EastUS","aaaaaaaa-0001-4a1a-8a1a-000000000001","East US SQL Database business critical capacity remains consistently allocated.","Purchase a 1-year SQL Database reserved capacity commitment.","Medium","Reservation / Savings Plan","Microsoft.Sql/servers/databases","sqldb-prod-eus","BusinessCritical Gen5 8 vCore","eastus","2","11220","USD","P1Y","demo-eastus-sqlri-01","1","7","6","76440","USD","","False","7 Advisor + 6 reservation recommendations",,,,,,,
"AdvisorRecommendations","Contoso-Production-WestEurope","aaaaaaaa-0002-4a1a-8a1a-000000000002","West Europe application nodes show stable DSv5 usage during business hours.","Purchase 3-year Reserved VM Instances for the DSv5 family.","High","Reservation / Savings Plan","Microsoft.Compute/virtualMachines","weu-app-cluster","Standard_D4s_v5","westeurope","6","18450","USD","P3Y","demo-weu-ri-01","1","7","6","76440","USD","","False","7 Advisor + 6 reservation recommendations",,,,,,,
"AdvisorRecommendations","Contoso-Analytics-Prod","aaaaaaaa-0003-4a1a-8a1a-000000000003","Analytics ETL workers maintain a predictable overnight baseline.","Purchase a 1-year Compute Savings Plan to cover the recurring Spark orchestration floor.","Medium","Reservation / Savings Plan","Microsoft.Compute/virtualMachines","analytics-prod-baseline","Any (flexible)","Any","Commitment","9750","USD","P1Y","demo-analytics-sp-01","1","7","6","76440","USD","","False","7 Advisor + 6 reservation recommendations",,,,,,,
"AdvisorRecommendations","Contoso-Shared-Services","aaaaaaaa-0004-4a1a-8a1a-000000000004","Shared jumpbox and management VM usage is steady enough for a small reservation.","Purchase a 1-year reserved instance for the management VM baseline.","Low","Reservation / Savings Plan","Microsoft.Compute/virtualMachines","mgmt-jumpbox-01","Standard_B4ms","eastus2","1","1860","USD","P1Y","demo-shared-ri-01","1","7","6","76440","USD","","False","7 Advisor + 6 reservation recommendations",,,,,,,
"AdvisorRecommendations","Contoso-Dev-Test","aaaaaaaa-0005-4a1a-8a1a-000000000005","The selected subscription has a steady VM baseline on pay-as-you-go pricing.","Purchase a 1-year Reserved Instance for the dominant VM family.","Medium","Reservation / Savings Plan","Microsoft.Compute/virtualMachines","baseline-compute","Standard_D2s_v5","eastus","2","3240","USD","P1Y","demo-fallback-ri-01","1","7","6","76440","USD","","False","7 Advisor + 6 reservation recommendations",,,,,,,
"AdvisorRecommendations","Contoso-Sandbox","aaaaaaaa-0006-4a1a-8a1a-000000000006","The selected subscription has a steady VM baseline on pay-as-you-go pricing.","Purchase a 1-year Reserved Instance for the dominant VM family.","Medium","Reservation / Savings Plan","Microsoft.Compute/virtualMachines","baseline-compute","Standard_D2s_v5","eastus","2","3240","USD","P1Y","demo-fallback-ri-01","1","7","6","76440","USD","","False","7 Advisor + 6 reservation recommendations",,,,,,,
"ReservationRecommendations","Contoso-Production-EastUS",,,,,,"VirtualMachines",,"Standard_D8s_v5","eastus",,,,"P1Y",,,"7","6","76440","USD","","False","7 Advisor + 6 reservation recommendations","8","21540","15210","6330","Single","Last30Days","DSv5-series"
"ReservationRecommendations","Contoso-Production-WestEurope",,,,,,"VirtualMachines",,"Standard_D4s_v5","westeurope",,,,"P3Y",,,"7","6","76440","USD","","False","7 Advisor + 6 reservation recommendations","6","19860","13940","5920","Single","Last30Days","DSv5-series"
"ReservationRecommendations","Contoso-Analytics-Prod",,,,,,"SQLDatabases",,"BusinessCritical Gen5 8 vCore","eastus2",,,,"P1Y",,,"7","6","76440","USD","","False","7 Advisor + 6 reservation recommendations","2","9860","7385","2475","Single","Last30Days",""
"ReservationRecommendations","Contoso-Shared-Services",,,,,,"VirtualMachines",,"Standard_D2s_v5","eastus",,,,"P1Y",,,"7","6","76440","USD","","False","7 Advisor + 6 reservation recommendations","2","2820","2115","705","Single","Last30Days","DSv5-series"
"ReservationRecommendations","Contoso-Dev-Test",,,,,,"VirtualMachines",,"Standard_D2s_v5","eastus",,,,"P1Y",,,"7","6","76440","USD","","False","7 Advisor + 6 reservation recommendations","2","2820","2115","705","Single","Last30Days","DSv5-series"
"ReservationRecommendations","Contoso-Sandbox",,,,,,"VirtualMachines",,"Standard_D2s_v5","eastus",,,,"P1Y",,,"7","6","76440","USD","","False","7 Advisor + 6 reservation recommendations","2","2820","2115","705","Single","Last30Days","DSv5-series"
